CG____Cas            1   0.24679855  60.95900196 116.84556767  -1.31516589  2.904  0.098  -3.1755  0.0434  -1.6112  0.0404 -0.1329 -69.666  5.344
V879__Cas            1   0.44145573  62.42425573 117.21878593   0.10476904  4.720  0.183  -2.2695  0.0494  -0.2687  0.0401 -0.1270 -80.658  6.743
EX____Cas            1   0.67404500  61.86106908 117.21870334  -0.46880739  4.115  0.151  -3.0381  0.0453  -0.6267  0.0508 -0.1122 -78.873  5.903
BF____Cas            1   3.51343175  60.98626392 118.41263037  -1.55702794  3.934  0.147  -2.5735  0.0372  -0.2741  0.0350 -0.1927 -54.383  5.290
SY____Cas            1   3.79086938  58.42428076 118.18553555  -4.11278130  2.128  0.081  -2.1346  0.0426  -1.8825  0.0359 -0.2458 -47.112  4.122
V363__Cas            1   3.80970947  60.34045849 118.46441589  -2.21691763  1.155  0.036  -1.5366  0.0432  -2.4532  0.0360 -0.1898 -39.945  4.493
CT____Cas            1   5.01279810  63.17978932 119.40023020   0.52346536  3.449  0.082  -1.6139  0.0479  -0.7928  0.0462 -0.1679 -60.002  7.597
V824__Cas            1   5.63032624  63.03304154 119.66052257   0.34511019  2.635  0.064  -2.8576  0.0416  -0.4635  0.0346 -0.2533 -65.533  2.545
NP____Cas            1   5.99020348  62.95015239 119.81392122   0.24486729  4.290  0.121  -1.4926  0.0451  -0.2602  0.0484 -0.1307 -85.092  3.922
NO____Cas            1   6.01933380  61.34164255 119.65656899  -1.35598661  2.977  0.115  -2.6886  0.0461  -1.0316  0.0390 -0.2145 -73.431  2.671
V825__Cas            1   6.32568809  60.76477644 119.74427261  -1.94511507  4.167  0.150  -1.9250  0.0391  -0.3293  0.0387 -0.2117 -58.007  2.742
AS____Cas            1   6.40720415  64.22989110 120.13057150   1.49861136  2.918  0.074  -2.4555  0.0451  -0.5602  0.0406 -0.2446 -49.302  4.651
TU____Cas            1   6.58104575  51.28034397 118.93046999 -11.39618253  0.887  0.030   1.5161  0.0629  -3.3902  0.0405 -0.5432 -18.572  2.740
V379__Cas            1   6.64980316  60.79817030 119.90510410  -1.92752046  1.656  0.050  -2.6486  0.0425  -1.1715  0.0493 -0.3670 -43.473  4.857
AP____Cas            1   8.31747331  62.90726031 120.86505830   0.10844324  3.776  0.091  -2.0580  0.0571  -0.6860  0.0463 -0.4279 -57.736  3.875
J003532.93+641714.6  1   8.88728796  64.28733926 121.20910661   1.46875153  3.989  0.091  -2.2840  0.0690   0.0595  0.0560 -0.2628 -81.947  4.838
FW____Cas            1   9.18544446  62.27423664 121.22345092  -0.54875284  4.245  0.144  -1.5916  0.0392   0.0541  0.0366 -0.2137 -43.600  4.212
V827__Cas            1   9.32823808  63.21568043 121.34139156   0.38756002  2.806  0.071  -1.5171  0.0453  -0.5175  0.0458 -0.2575 -56.113  1.820
J011.3013+58.5011    1  11.30137364  58.50112910 122.11554731  -4.36074146  4.931  0.205  -1.3481  0.0374  -0.8885  0.0381 -0.4169 -58.191  3.228
OP____Cas            1  11.62454123  63.54327297 122.38172364   0.67680018  3.069  0.079  -1.2662  0.0518  -0.7744  0.0514 -0.2944 -61.339  4.970
XY____Cas            1  12.47192087  60.12737915 122.73866665  -2.74378916  2.066  0.068  -1.4023  0.0378  -0.8819  0.0458 -0.3178 -36.177  4.230
AU____Cas            1  13.80387145  64.26075296 123.34215274   1.39201194  4.174  0.105  -1.5240  0.0384   0.1229  0.0372 -0.3056 -60.447  4.716
J014.8936+45.4067    0  14.89364868  45.40671903 124.42872738 -17.44138218  6.283  0.251   1.2871  0.0664  -0.6887  0.0614  0.0853 -223.407  4.831
V553__Cas            1  17.04579054  62.26991438 124.87856693  -0.53852708  4.604  0.178  -1.4593  0.0431  -0.0028  0.0461 -0.4527 -60.549  5.116
OZ____Cas            1  18.58138479  62.04403222 125.61103271  -0.70860128  1.912  0.067  -1.2179  0.0539  -0.8066  0.0588 -0.4266 -36.854  4.863
AW____Cas            1  19.00501817  61.62070533 125.84914445  -1.11172867  2.818  0.094  -0.2024  0.0484  -0.7476  0.0553 -0.4925 -57.593  2.839
V1100_Cas            1  20.33778336  64.10078567 126.19185464   1.41853573  3.082  0.079  -1.2624  0.0456   0.1908  0.0478 -0.4031 -39.959  5.588
V1013_Cas            1  20.42652073  61.76872544 126.50372036  -0.89293292  3.565  0.127  -2.0263  0.0342   0.2844  0.0375 -0.3928 -69.857  3.306
V556__Cas            1  20.96562314  62.52222613 126.66230820  -0.11444085  3.434  0.087  -1.3195  0.0437  -0.1407  0.0473 -0.4658 -83.831  3.416
BV____Cas            1  22.50492382  62.28406862 127.40131809  -0.25240904  3.449  0.119  -1.3678  0.0365  -0.2716  0.0394 -0.2941 -89.979  4.064
V470__Cas            1  23.07571012  56.49941536 128.58014377  -5.92352288  3.354  0.126  -1.8174  0.0494  -0.6155  0.0602  0.0381 -49.823  2.528
V636__Cas            1  23.18009883  63.59380465 127.50272039   1.08901728  0.685  0.035  -0.4502  0.0382  -0.1413  0.0445 -0.3732 -23.954  0.895
RW____Cas            1  24.30840752  57.75921614 129.02996263  -4.56930089  3.032  0.099  -0.8466  0.0595  -0.9024  0.0937 -0.0588 -55.706  6.173
J013725.59+634128.8  1  24.35667172  63.69136304 128.00128141   1.27317525  5.100  0.115  -0.8255  0.0287   0.0967  0.0332 -0.5101 -67.875  5.474
AY____Cas            1  24.74993829  64.98923764 127.93448173   2.58046414  2.532  0.083  -0.5913  0.0470  -0.5850  0.0463 -0.4725 -18.514  5.393
V1016_Cas            1  25.81988994  59.99761612 129.37588672  -2.22392932  4.991  0.206  -0.8734  0.0265   0.1562  0.0429 -0.7475 -65.928  2.237
V1154_Cas            1  26.63107309  65.02629300 128.70702405   2.77403057  2.331  0.070  -1.0525  0.0761  -0.1256  0.0700 -0.1503 -35.569  0.727
IO____Cas            1  26.76130834  59.60625844 129.92059555  -2.50883785 11.548  0.410  -0.9244  0.0206   0.1996  0.0359 -0.7428 -119.174 15.290
BY____Cas            0  26.79965292  61.42248858 129.54981089  -0.73072440  1.929  0.058  -1.2132  0.0396   0.4241  0.0516 -0.5926 -51.278  2.227
VV____Cas            1  27.77924634  59.88821457 130.35854179  -2.12022003  3.242  0.123  -1.1970  0.0320  -0.0704  0.0615 -0.7060 -54.557  3.385
J015830.96+574911.6  1  29.62896619  57.81984970 131.79173047  -3.89342182 11.367  0.469  -0.6706  0.0357   0.4165  0.0422 -0.2077 -109.693  8.253
V395__Cas            1  32.62153624  63.29753427 131.67519437   1.77558045  2.640  0.061  -1.2993  0.0635   0.6768  0.0847 -0.5911 -47.477  5.487
GL____Cas            1  32.69321503  59.25369368 132.92748842  -2.06970064  5.086  0.184  -0.5815  0.0614  -0.2007  0.0573 -0.2801 -57.469  3.498
UX____Per            1  33.28118918  58.07995152 133.57901958  -3.09317798  4.811  0.164  -0.2617  0.0723   0.0526  0.0841  0.5186 -30.766  9.956
V1017_Cas            1  33.60315050  65.59944769 131.36732325   4.09575267  5.222  0.218  -0.8358  0.0316   0.1673  0.0416 -0.3463 -44.191  4.430
J021635.96+651035.5  1  34.14985374  65.17655193 131.71916996   3.76793534  5.637  0.194  -0.9858  0.0310   0.4477  0.0407 -0.2290 -51.361  6.245
V440__Per            1  35.96558739  55.36485137 135.87307374  -5.16753284  0.761  0.026  -1.8308  0.0864  -2.4155  0.0857  0.5929 -26.222  0.565
GM____Cas            1  36.73620592  60.57141487 134.40338279  -0.15550588  2.351  0.056  -0.7986  0.0362  -0.6640  0.0666  0.0051 -59.020  2.186
SZ____Cas            1  36.80736435  59.46060116 134.83733846  -1.17867956  2.278  0.068   0.1923  0.0880  -0.6801  0.0931  0.3543 -46.699  2.447
VY____Per            1  36.89776110  58.91715117 135.07730664  -1.66850890  2.067  0.068   0.0873  0.0739  -0.7883  0.0800  0.1898 -46.554  6.518
DW____Per            1  38.46902157  57.02749614 136.55805131  -3.10930856  3.358  0.115  -0.9444  0.0790  -0.4190  0.0914  0.4198 -52.911  2.996
UY____Per            1  38.63041588  58.83161775 135.93996979  -1.41201933  2.332  0.075  -0.1301  0.0658  -0.9865  0.0801  0.2745 -56.861  5.326
GO____Cas            1  38.77408126  59.38407485 135.79355356  -0.87422743  3.438  0.111  -0.3917  0.1744  -0.2191  0.1733  0.6969 -73.158  5.555
DF____Cas            1  41.18047635  61.46469941 136.03506264   1.50896906  2.612  0.066  -0.4463  0.0360  -0.2211  0.0535  0.3419 -32.195  7.506
LT____Cas            1  41.46453781  63.30457457 135.37258166   3.23070155  5.792  0.247  -1.2380  0.0285   0.4368  0.0406 -0.1189 -72.559  3.821
SU____Cas            0  42.99483400  68.88846685 133.46751140   8.51943819  0.371  0.014   3.2310  0.0848  -7.8016  0.1196  0.0619  -6.141  1.311
V833__Cas            1  43.66666398  63.55480729 136.14709444   3.89038256  5.101  0.183  -0.8130  0.0495   1.1398  0.0554  0.1696 -68.723  3.688
V371__Per            1  43.87992236  42.58881217 146.02115842 -14.65196215  3.303  0.110  -2.5309  0.0779  -0.3165  0.0826  0.3106 -13.375  7.641
J045.1949+59.3418    1  45.19492269  59.34182251 138.75998239   0.50439378  5.977  0.304  -1.4390  0.0490   0.5414  0.0778  0.4730 -56.218  5.829
V883__Per            1  46.03670355  57.29821852 140.13157191  -1.07372997  4.881  0.160  -0.0813  0.0779  -0.4139  0.0799  0.0638 -65.374  2.666
V836__Cas            1  47.18169636  62.13752918 138.23847890   3.41735783  2.606  0.082   1.4533  0.0392  -0.4639  0.0479  0.0571 -51.794  1.718
V598__Per            1  47.78060918  55.50823873 141.86100221  -2.14428653  2.431  0.075   0.7704  0.1194  -1.0301  0.1009  0.2505 -31.333  4.868
J031346.98+632058.2  1  48.44587257  63.34947951 138.11620648   4.75488564  5.919  0.294  -0.8516  0.0313   0.5822  0.0332  0.0789 -83.044  6.089
V891__Per            1  48.72724360  55.88028632 142.12635462  -1.55037974  2.499  0.071   0.2716  0.0847  -1.0533  0.0818  0.2232 -10.918  4.411
V892__Per            1  48.77428823  56.21255017 141.97530981  -1.25324540  2.797  0.094   0.9879  0.1515  -1.0324  0.0976  0.1453 -43.514  3.866
V895__Per            1  50.05961634  55.11583923 143.17192062  -1.79857499  3.807  0.195  -0.2419  0.0913   0.0647  0.0753  0.2582 -28.052  3.181
AC____Cam            1  50.94951245  59.35566901 141.27062163   2.02158619  3.157  0.069  -0.1457  0.0394  -0.6175  0.0483  0.2381 -50.997  4.439
AD____Cam            1  52.35820609  60.44646683 141.24784175   3.32090465  5.637  0.206   0.0582  0.0404   0.5557  0.0503  0.2102 -43.583  7.462
J053.5926+54.6072    1  53.59268890  54.60724133 145.14195432  -1.08157119  3.009  0.094  -0.2691  0.0708  -0.7439  0.0637  0.1323 -15.647  6.397
CF____Cam            1  53.80003631  58.29470121 143.08849609   1.98356051  3.787  0.093  -0.1784  0.0843   0.2689  0.0899  0.3443 -38.197  2.714
J053.9542+57.1479    1  53.95423377  57.14794966 143.82565328   1.10105161  6.456  0.140  -0.2189  0.0782   0.3389  0.0869  0.3855 -56.728  3.467
AM____Cam            1  54.08394715  62.28722675 140.85754836   5.30083918  4.724  0.180   0.3307  0.0393   0.4288  0.0429  0.0776 -46.526  4.405
MM____Per            1  56.34731424  48.08347574 150.42948369  -5.28184095  3.054  0.090   1.0688  0.0959  -1.7417  0.0669  0.0937  -4.198  3.931
J034529.70+532608.1  1  56.37371857  53.43559230 147.15223935  -1.04595290  3.390  0.117   0.0735  0.1410  -0.3015  0.0989 -0.3304 -30.852  3.818
AB____Cam            1  56.53438614  58.78422092 143.93782343   3.23095007  4.764  0.176  -0.0028  0.0579  -0.5384  0.0529  0.2217 -36.123  5.101
OX____Cam            1  57.10697678  59.44226844 143.76098666   3.92971052  1.561  0.053   0.5647  0.0453  -0.7100  0.0471  0.3210 -27.597  3.916
RW____Cam            1  58.59070209  58.65332943 144.85319015   3.79868577  1.766  0.062  -2.0333  0.3089   1.2257  0.2640  0.0798 -10.242  6.221
PV____Cam            1  59.09326503  57.25729885 145.95472370   2.89826281  4.970  0.163   0.0644  0.0481   0.7876  0.0462  0.3057 -40.305  2.268
MN____Cam            1  59.37392543  54.93807366 147.57061603   1.22621441  3.053  0.081  -0.1270  0.0741  -0.7301  0.0687  0.4066 -59.389  2.923
V938__Per            1  59.90901928  52.79069343 149.20370300  -0.20350932  3.117  0.078  -0.0509  0.0937  -0.7787  0.0782  0.0581 -17.989  4.465
MQ____Cam            1  60.37887548  55.04533226 147.93837179   1.68308860  4.075  0.091   0.2739  0.0544   0.0943  0.0471  0.3392 -34.311  3.233
J060.9207+52.6701    1  60.92077635  52.67014120 149.74490326   0.10795942  4.882  0.102   0.4048  0.0560  -0.3239  0.0404  0.5364 -33.619  1.891
QS____Cam            1  60.94355022  57.24772713 146.71967732   3.54518538  4.238  0.128  -0.3145  0.0543   0.2340  0.0443  0.1238 -33.498  2.928
RX____Cam            0  61.24359271  58.65978116 145.89655144   4.70502348  0.868  0.035  -1.0298  0.0634  -0.3927  0.0526 -0.0374 -49.117  3.767
MZ____Cam            1  61.31641112  54.60316133 148.63620772   1.70881557  2.636  0.060  -0.4469  0.0759  -0.8696  0.0644  0.2031 -13.992  2.919
LO____Cam            1  61.53736310  58.80874504 145.91019895   4.91774863  4.135  0.136  -0.2545  0.0525  -0.3286  0.0507  0.0355 -32.765  4.781
J062.4556+49.7355    1  62.45563955  49.73554479 152.42505188  -1.42622315  5.870  0.226   0.0286  0.0782  -0.0583  0.0549 -0.0541 -71.879  4.413
QX____Cam            1  62.52264157  61.77725008 144.24866949   7.43202707  4.453  0.181   0.3130  0.0330  -0.0418  0.0321 -0.0195 -19.536  4.365
J041610.27+520823.5  1  64.04279263  52.13984909 151.50440444   1.00949219  6.611  0.175  -0.1623  0.0430  -0.0517  0.0314  0.2634 -43.023  5.608
SX____Per            1  64.27527952  41.73183224 158.87347526  -6.35541811  3.192  0.120   0.5620  0.0848  -1.2524  0.0535  0.0013  11.396  4.742
J064.9276+50.1240    1  64.92768582  50.12400899 153.30879012  -0.04705748  6.625  0.179   0.3353  0.0515  -0.2093  0.0377  0.2781 -35.037  6.336
AS____Per            1  64.94524473  48.95326133 154.13890168  -0.87273963  1.442  0.052   0.3581  0.0591  -2.4111  0.0392  0.2319 -13.205 11.357
NSVS6794216          1  65.44005926  34.06980683 165.03219221 -11.10040366 10.555  0.463   0.3259  0.0617  -0.4238  0.0460  0.1578 -20.334 15.687
J065.6485+45.5819    1  65.64857167  45.58191562 156.85837883  -2.92378885  3.407  0.101  -0.0627  0.0905  -1.0720  0.0568 -0.3179 -19.154  3.777
HZ____Per            1  66.40539213  45.62031995 157.20257507  -2.51925323  5.216  0.193   0.1057  0.1255   0.5351  0.0815 -0.2459 -11.632  9.982
J042756.25+525304.0  1  66.98436410  52.88445416 152.24213971   2.80253435  5.096  0.157  -0.2047  0.0471   0.2554  0.0368  0.1804 -40.581  1.531
V359__Cam            1  67.57792192  53.94017594 151.71947013   3.78610883  5.558  0.185   0.6616  0.0460  -0.5523  0.0399  0.0718 -19.175  4.245
V957__Per            1  67.63957026  48.07851666 156.01220935  -0.20868529  4.648  0.118   0.3324  0.0956  -0.6191  0.0536 -0.1032 -22.718  4.969
J068.6921+49.4226    1  68.69215388  49.42264889 155.50153361   1.21520629  5.519  0.111   0.0514  0.0617  -0.7162  0.0396 -0.0391 -19.640  2.504
SZ____Tau            1  69.31155358  18.54301272 179.48501419 -18.74119386  0.566  0.029  -4.6076  0.1286  -5.3899  0.0542 -0.1578   3.524  2.009
OT____Per            1  69.65807592  47.74028020 157.17709323   0.55812675  7.761  0.372   0.2290  0.0977   0.0406  0.0583 -0.1865 -27.925  6.469
HQ____Per            1  70.99117318  40.83477909 162.99354063  -3.28806853  5.592  0.174   0.6320  0.1003  -0.1920  0.0761  0.4021 -30.584  4.952
GSC02901-00089       1  71.34955292  42.92220461 161.58380555  -1.72438990  3.316  0.123  -0.5106  0.0609  -1.7777  0.0470  0.2828 -25.220  6.796
AW____Per            0  71.94298042  36.72278128 166.61765501  -5.38587842  0.815  0.029   0.3376  0.1045  -1.3448  0.0655  0.1119  11.605  3.282
SV____Per            0  72.44976566  42.28970488 162.59007444  -1.51460598  2.427  0.077   5.4616  0.4085  -1.7324  0.3202  0.0585  -9.889  7.167
EW____Aur            1  72.85353454  38.18855101 165.94874003  -3.89377489  6.826  0.254   0.2888  0.0581  -0.1865  0.0375  0.2102 -38.086  4.892
J072.8898+47.7886    1  72.88985338  47.78868382 158.55677701   2.23694692  6.023  0.230   0.1807  0.0654  -0.2259  0.0464  0.0232 -31.229  5.633
J073.9358+36.3437    1  73.93586611  36.34372588 167.92944267  -4.38613304  4.306  0.126   0.4179  0.0717  -1.2469  0.0497  0.1181 -17.382  2.627
J074.0591+40.2602    1  74.05909688  40.26021199 164.92771002  -1.86303033  7.174  0.229   0.5160  0.0499  -0.2950  0.0360  0.1484 -10.700  4.645
V470__Aur            1  74.06343861  44.78185043 161.40228135   0.96890626  4.690  0.124   0.2662  0.0644   0.0772  0.0497  0.1438 -37.885  6.352
RX____Aur            1  75.34662482  39.96038151 165.77344975  -1.27583985  1.585  0.053   1.3226  0.1003  -3.1564  0.0756  0.1705 -23.772  2.303
CK____Cam            1  76.63187927  55.35351534 153.99206161   8.71502174  0.641  0.022   4.3598  0.0474  -3.0915  0.0424 -0.3168  -8.380  3.225
SY____Aur            1  78.16345220  42.83178012 164.74806821   2.13816259  2.524  0.076   0.9839  0.1102  -0.4765  0.0686 -0.3945  -5.121  1.872
ER____Aur            1  78.29159532  41.99052346 165.48500604   1.72078488  8.036  0.220   0.0787  0.0757  -0.2973  0.0544 -0.0792   8.179  1.739
IN____Aur            1  78.86327303  37.37246028 169.48940668  -0.62191471  6.662  0.231   0.1192  0.0583  -0.5175  0.0401 -0.0952 -25.906  5.295
V432__Ori            0  79.69991940  13.98667361 189.36685241 -13.26404701  4.803  0.148   2.4802  0.0663  -1.3707  0.0521  0.1006  95.131 10.817
J052333.55+444536.5  1  80.88983067  44.76007586 164.29823553   4.85620853  5.358  0.196   0.5741  0.0689   0.1308  0.0583  0.0920 -18.502  5.226
J081.1501+28.5252    1  81.15014913  28.52523599 177.85519529  -4.09948777  6.065  0.178   0.2486  0.0923  -0.5579  0.0630 -0.2780  -0.963  2.607
J052610+1151.3       1  81.54016030  11.85366272 192.20137047 -12.88553359  3.134  0.091   0.9731  0.1782   0.5419  0.1173 -0.1762  50.704 10.601
V1256_Tau            1  81.77704319  16.93642588 187.93470970  -9.98676270 10.496  0.365   0.4746  0.0776  -0.5532  0.0574 -0.2713  32.009  7.609
J082.3588+27.0008    1  82.35887429  27.00089365 179.72148018  -4.05397983  4.175  0.143   0.4063  0.0861  -1.0810  0.0653 -0.0331  23.264  7.544
J083.0327+41.8842    1  83.03275022  41.88425367 167.56772947   4.57084861  4.624  0.142   0.4359  0.0864  -0.1571  0.0607 -0.2979   4.452  2.215
IW____Aur            1  83.14634458  33.36481755 174.76726197   0.00294208  7.968  0.209   0.7773  0.0510  -0.5723  0.0365 -0.0447   1.038 10.236
AE____Tau            1  83.65272684  26.20240189 181.02383084  -3.51805253  3.692  0.119   0.2632  0.0929  -1.2392  0.0667 -0.1578   0.901  4.588
GT____Aur            1  84.11147739  44.59135508 165.69465288   6.68539340  7.379  0.260   0.3056  0.0729  -1.8898  0.0557 -0.0761 -25.419  5.028
V335__Aur            1  85.62191252  37.64633326 172.22668204   3.99588377  4.277  0.136   0.4004  0.0827  -1.1376  0.0614 -0.2638 -20.606  5.238
EF____Tau            0  85.88247835  19.42001790 187.88673447  -5.36330488  7.528  0.408  -0.7991  0.7166   1.1018  0.6144 -0.3570  22.708  8.846
GV____Aur            1  86.05833390  37.58686856 172.45831457   4.25982560  4.800  0.164  -0.0601  0.0811  -0.5780  0.0576 -0.0548  12.558  5.084
ST____Tau            1  86.26316892  13.57635212 193.12455627  -8.05150850  1.063  0.037   0.3499  0.0961  -2.2935  0.0765  0.0486  -9.138  1.286
EU____Tau            1  86.41887547  18.65688383 188.80609551  -5.32355916  1.100  0.036   1.2145  0.0850  -2.5133  0.0681 -0.1318  -3.672  2.743
AV____Tau            1  86.43715024  27.06789941 181.60970998  -0.94885531  3.103  0.084  -0.1549  0.0732  -1.3987  0.0588 -0.0694  24.842  7.976
V621__Aur            1  86.51885380  34.75779914 175.07495887   3.10941409  4.245  0.159   0.8856  0.1149  -0.7407  0.0966  0.3555  18.507  2.280
J086.5802+20.1439    1  86.58015996  20.14399590 187.60556675  -4.42700241  6.674  0.290   0.3079  0.0631  -0.5687  0.0545  0.1133  17.736 17.667
AX____Aur            1  86.71172985  31.59791190 177.86341761   1.60972801  4.232  0.096   0.1042  0.0787  -1.6162  0.0641  0.1676  18.839  5.700
V637__Aur            1  88.24494099  36.39365683 174.38279505   5.15148293  4.304  0.141   0.9168  0.0994  -1.4646  0.0747 -0.4253  18.926  3.921
V1819_Ori            1  88.61981291  12.53212810 195.19672020  -6.58975548  8.406  0.325   0.2380  0.0874  -0.3213  0.0721 -0.3091  36.685  6.379
J088.6434+31.9126    1  88.64348564  31.91262433 178.43247202   3.18255637  4.203  0.145   0.6490  0.0764   0.0662  0.0615 -0.2135 -18.935  5.728
CO____Aur            1  90.11877056  35.31215953 176.08236434   5.93542009  0.824  0.024  -1.2218  0.0821  -5.3206  0.0672  0.0973  13.913  4.262
J091.0777+30.4987    1  91.07773520  30.49876435 180.69609478   4.29216006  3.394  0.152  -0.0440  0.0855  -1.9741  0.0748 -0.2155  15.340  6.011
J091.3452+20.9456    1  91.34520756  20.94562912 189.15594723  -0.16656735  4.555  0.110   0.1975  0.1165   0.3390  0.0959 -0.0410  35.453  9.940
AS____Aur            1  91.35181877  28.78970091 182.30918282   3.66914595  4.309  0.136   0.1222  0.0922  -0.8985  0.0772 -0.2059  26.044  8.863
CR____Ori            1  91.43635027  13.23998943 195.93006570  -3.85005043  5.099  0.157   0.6951  0.0778   0.3168  0.0687  0.1263  35.444  8.450
J060722+0834.0       0  91.84177608   8.56680644 200.23142784  -5.75445911  3.787  0.125   4.1599  0.9139   5.1513  0.7434  0.0345  41.273  1.325
CS____Ori            1  91.85610834  11.15197636 197.96153603  -4.50056001  4.080  0.140   0.7598  0.0865   0.0785  0.0740 -0.3200  48.092  5.371
NSVS9734010          1  92.10836008  16.40267891 193.47644630  -1.74783519  6.111  0.200   0.1198  0.1266  -0.4304  0.1047 -0.1525  41.387  5.222
V371__Gem            1  92.58065472  24.02085105 187.02153001   2.32466239  3.088  0.095   0.5437  0.0708  -1.3977  0.0609 -0.4345  29.173  6.236
J061022+1438.6       1  92.59262271  14.64449510 195.24231075  -2.18865109  2.776  0.075   1.0397  0.0684  -2.5539  0.0591 -0.0231  49.951  2.906
CV____Ori            1  93.09151005  13.63659382 196.35953077  -2.24850094  3.876  0.143  -0.2296  0.0824  -0.8820  0.0683 -0.1405  25.479  7.456
OGLE-GD-CEP-0030     1  94.59548810  17.79850974 193.38988079   1.00740764  5.631  0.179   0.8592  0.0660  -0.5920  0.0610 -0.4044  21.320  5.239
J094.7322+07.7466    1  94.73219791   7.74661058 202.31700445  -3.62400179  5.625  0.273  -0.0899  0.0598  -0.5992  0.0585 -0.2725  73.383  7.457
SV____Mon            1  95.35960702   6.47015284 203.73927069  -3.67185480  2.427  0.079   0.5574  0.0950  -1.7880  0.0937 -0.1010  31.913  9.469
FT____Mon            1  95.40033020   4.07356860 205.88453630  -4.75262559  5.629  0.187  -0.2503  0.0626   0.3466  0.0632 -0.3022  52.172  6.133
OGLE-GD-CEP-0032     1  95.96418138  17.01317592 194.69762829   1.79050386  2.795  0.097   0.8862  0.0751  -1.7486  0.0686 -0.2900  32.548  7.707
DF____Ori            1  96.01727666  11.70883852 199.40978546  -0.64666174  5.101  0.123   0.0822  0.0932   0.2114  0.0747  0.2284  31.452  5.915
T_____Mon            0  96.30416899   7.08569769 203.63198856  -2.55508219  1.226  0.046   0.7687  0.1056  -3.1943  0.0890  0.1199  29.345 11.794
NSVS12485452         1  96.35879295   6.29286654 204.35986838  -2.87587185  6.762  0.245   0.0865  0.0549   0.0135  0.0506 -0.3767  52.720  3.363
OGLE-GD-CEP-0036     1  96.84545091   8.97334188 202.20977542  -1.20229967  4.410  0.121   0.5134  0.0530   0.4746  0.0475 -0.1034  68.702  3.949
V901__Mon            0  96.85520976   1.19225625 209.12252573  -4.79478311  3.545  0.119  -0.9673  0.1088 -18.1435  0.1000  0.3379   9.334  0.621
V966__Mon            1  96.89492711   9.83046100 201.47359229  -0.76044927  2.351  0.049  -0.0057  0.0751  -1.1587  0.0627  0.0354  57.437  2.976
RT____Aur            1  97.14203182  30.49297811 183.14639769   8.91568855  0.427  0.020  -0.4405  0.3623 -13.8965  0.3160 -0.0707  14.231  5.304
OGLE-GD-CEP-0038     1  97.16715124   7.64854269 203.53123832  -1.53569804  5.186  0.107   0.2457  0.0908   0.5044  0.0829 -0.0211  75.422 19.114
OGLE-GD-CEP-0039     1  97.23260883  11.12478731 200.48180020   0.13505685  3.778  0.089   0.2634  0.0616  -0.5510  0.0560 -0.1828  44.943  2.556
J062939-1840.5       0  97.41342545 -18.67407482 227.43562334 -13.06283914 23.637  1.240   0.0491  0.0792  -0.0954  0.0846 -0.5239 135.075  9.251
V480__Mon            1  97.72072286   9.67309847 201.99063794  -0.11251533  4.340  0.114   0.2621  0.0946   0.7998  0.0898 -0.1013  58.994 10.926
VZ____Mon            1  97.81061432  11.85034487 200.10126195   0.97319466  5.087  0.174   0.2871  0.0866  -0.1530  0.0736 -0.0348  28.292  4.172
CS____Mon            1  98.04559752   6.65306084 204.81742257  -1.22366037  3.926  0.091  -0.5649  0.0821  -0.6792  0.0681  0.0367  40.024  5.829
CU____Mon            1  98.19498185   0.04314592 210.76278307  -4.13066589  6.756  0.278   0.0817  0.0756   0.5402  0.0718  0.0529  53.535  5.087
WW____Mon            1  98.40492429   9.20356761 202.71888772   0.26913167  5.722  0.164   0.1199  0.0863   0.1689  0.0711  0.1495  42.727 11.463
BB____Gem            1  98.64705378  13.07908183 199.38694734   2.26431276  3.361  0.111  -0.8633  0.0833  -0.8451  0.0799 -0.1510  78.125  4.322
W_____Gem            1  98.73938123  15.33046096 197.42470784   3.37596782  0.986  0.054  -0.8731  0.0729  -2.5273  0.0711 -0.3551  -5.095  7.066
J063519+2117.8       1  98.82990915  21.29670414 192.12940274   6.16213695  4.107  0.131  -0.1762  0.0976  -1.1499  0.0803  0.0303  43.100  5.067
NSVS12507880         1  98.92552761   2.14963560 209.22190246  -2.51679886  6.093  0.272   0.0632  0.0629   0.2081  0.0577 -0.1529  41.637  8.372
V495__Mon            1  99.26409833  -2.82409919 213.81067287  -4.48566655  5.004  0.169  -0.1923  0.0819  -0.0301  0.0743  0.2057  69.824  4.501
BE____Mon            1 100.02325681   7.60583493 204.87365006   0.95702966  1.981  0.060  -0.6678  0.0984   1.1502  0.0883 -0.4175  55.546  9.283
V911__Mon            1 100.15650858  11.72747874 201.26511082   2.95706872  4.222  0.169  -0.7069  0.0682  -0.1436  0.0600 -0.1334  72.318  7.700
V979__Mon            1 100.39405905   7.94432525 204.74069133   1.43857194  3.141  0.097  -0.8812  0.0781  -0.4195  0.0636  0.2190  67.300  4.819
J064152-0120.1       1 100.46536292  -1.33498494 213.02897948  -2.73925731  5.627  0.165  -0.1477  0.0762   0.7207  0.0671 -0.1049  54.589  4.472
AD____Gem            1 100.78129647  20.93910612 193.26909242   7.63228945  2.979  0.090  -0.4852  0.0805  -1.2741  0.0672 -0.0277  57.282 11.547
V504__Mon            1 101.18310922  -3.95239761 215.68985743  -3.29079849  4.312  0.121  -0.9990  0.0684   0.5494  0.0750 -0.0427  68.377 12.005
V913__Mon            1 101.39057094   7.81629063 205.30515772   2.25861828  5.667  0.281   0.2892  0.0602  -0.0181  0.0516 -0.1549  61.660  5.256
V914__Mon            1 101.47215705  10.06146388 203.33941033   3.35063696  3.306  0.099  -0.5153  0.0703  -0.5431  0.0631 -0.0828  39.566  6.132
J064708+0304.1       1 101.78191757   3.06845540 209.70992562   0.44091518  2.171  0.043  -0.3281  0.0736  -2.0689  0.0642 -0.0815  46.122  4.253
V508__Mon            1 101.78916618   3.96710095 208.91347669   0.85729178  3.232  0.094  -0.0427  0.0950   0.8030  0.0860 -0.2714  56.481  5.787
NSVS12575759         1 101.81806700  -4.65011174 216.60031945  -3.04322263  5.870  0.188  -0.4179  0.0969   1.4464  0.0795  0.3520  71.603  6.339
J064727+0411.4       1 101.86023609   4.19091414 208.74659683   1.02244728  3.741  0.107  -0.1982  0.0726  -0.4612  0.0626  0.0920  44.158  2.725
GI____CMa            1 101.92934414 -13.66667801 224.73861789  -6.99455443  6.116  0.254   0.1712  0.0622   1.4380  0.0656 -0.2324  81.244  6.224
V981__Mon            1 102.12157377 -10.23822815 221.73636824  -5.29745854  7.004  0.347  -0.2492  0.0541   0.8696  0.0582 -0.0363  73.094  6.249
V376__Mon            1 102.20009905  -3.60466032 215.84129343  -2.22881188  2.781  0.090  -1.8505  0.0770   2.3733  0.0737  0.0986  65.130 14.195
TW____Mon            1 102.63473263   0.00699855 212.82320978  -0.19683113  5.989  0.128  -0.4423  0.0700   0.5705  0.0699 -0.1951  79.010  2.686
EE____Mon            1 102.70284297  -7.98072796 219.97389607  -3.76809690  7.648  0.276  -0.3589  0.0535   0.7570  0.0530 -0.1031  80.631  6.219
J102.7778-11.3374    1 102.77784871 -11.33744116 223.01333985  -5.21444734  7.664  0.290  -0.0819  0.0341   0.7347  0.0357 -0.0819  81.376  4.529
J103.0046-12.7620    1 103.00459774 -12.76206785 224.39252467  -5.65450825  6.842  0.247  -0.4270  0.0735   0.5315  0.0770 -0.1386  77.938  4.532
XX____Mon            1 103.05070509  -2.80695968 215.51753437  -1.10950194  4.696  0.114  -0.6581  0.0695  -0.0798  0.0617 -0.0950  60.456  8.131
V784__Mon            1 103.10000594   2.70708147 210.63174721   1.44790583  5.001  0.149   0.0429  0.0644   0.4260  0.0605 -0.1090  64.420  3.607
EK____Mon            1 103.19237390  -2.45823148 215.27159168  -0.82460098  2.545  0.053  -1.0282  0.0838  -0.2215  0.0765  0.0892  59.984  6.400
NSVS12584691         1 103.30656540  -7.34813491 219.68045117  -2.94812462  3.820  0.125  -0.5023  0.0623   0.1165  0.0565 -0.1330  56.656  4.220
YY____Mon            1 103.54765509  -7.66437883 220.07123239  -2.87864841  8.294  0.396  -0.1222  0.0682   0.5101  0.0578  0.0544  85.751  0.973
J065413+0756.5       1 103.55638332   7.94142101 206.16741174   4.22768348  2.522  0.077   0.2541  0.0806   0.2037  0.0700 -0.1058  52.972  6.522
J103.5793-11.4393    1 103.57935739 -11.43931813 223.45924239  -4.55842707  5.899  0.190  -0.4389  0.0772   0.7168  0.0949 -0.1954  74.242 10.624
J103.6628-10.9129    1 103.66284649 -10.91294804 223.02508747  -4.24795167  5.827  0.184  -0.3116  0.0613   0.8692  0.0627 -0.1060  93.777  2.885
BV____Mon            1 104.21285446   4.51618572 209.52435475   3.25956938  2.826  0.085  -0.5278  0.0749  -0.4471  0.0651 -0.2419  25.897  7.412
OGLE-GD-CEP-0073     1 104.26227724  -3.15061342 216.37522879  -0.18944382  4.569  0.107  -0.5361  0.0489   0.6508  0.0394  0.1652  67.304  0.146
OGLE-GD-CEP-0074     1 104.34674219  -4.23600395 217.37943522  -0.60991991  3.581  0.103  -0.7681  0.0885   0.8301  0.0819 -0.0459  53.735  5.232
OGLE-GD-CEP-0076     1 104.49470621  -1.99528369 215.45335084   0.54462712  6.481  0.162  -0.1027  0.0570   0.2073  0.0581 -0.1334 101.873  3.229
UY____Mon            1 104.70965511   9.62272944 205.17356673   6.00136092  2.553  0.068  -0.3660  0.0723  -0.7848  0.0652 -0.1920  28.853  4.842
J065851-1344.2       1 104.71105494 -13.73667312 226.01596155  -4.60836574  5.427  0.177  -0.4944  0.0586   1.2328  0.0636 -0.1034  84.083  3.222
J104.8954-08.3771    1 104.89544305  -8.37709560 221.31419973  -2.01436700  7.078  0.147  -0.0805  0.0442   0.6588  0.0427  0.2747  87.249  6.449
XZ____CMa            1 105.10346803 -20.43169575 232.20493245  -7.26879846  6.765  0.236  -0.4487  0.0548   1.7614  0.0641 -0.2619  76.685  5.651
V985__Mon            1 105.14155954  -2.34851176 216.06292032   0.95824240  2.836  0.090  -0.8731  0.0678  -1.6821  0.0630 -0.3079  52.878  3.388
V526__Mon            1 105.47339593  -1.13095162 215.13128269   1.80973292  1.781  0.048  -3.4724  0.0808   1.7029  0.0681  0.0325  50.277  3.549
V384__CMa            1 105.97944474 -17.87991436 230.28044135  -5.38788834  4.679  0.146   0.2098  0.0436   1.2557  0.0465 -0.2286  80.072  3.016
zet___Gem            1 106.02717790  20.57029437 195.74646545  11.90307302  0.374  0.013  -6.3425  0.5848  -1.7073  0.5221 -0.0469  10.368 13.059
V390__CMa            1 106.65834979 -15.80205735 228.71793048  -3.86662217  6.030  0.209  -0.5151  0.0548   1.2453  0.0513 -0.3977  92.441  8.770
V465__Mon            1 107.03879635  -0.06571195 214.89887325   3.68882609  3.409  0.096  -0.9969  0.1033   0.7980  0.0978 -0.3088  63.102  9.442
J070832-1454.5       1 107.13204915 -14.90744107 228.12998053  -3.05141069  2.622  0.074  -1.6427  0.0646   1.0411  0.0579 -0.1519  60.085  1.018
OGLE-GD-CEP-0087     1 107.24937634 -12.47072483 226.01591667  -1.83092259  5.683  0.115  -0.5745  0.0822   1.4578  0.0714  0.0635  83.608  3.431
J070911-1217.2       1 107.29499132 -12.28587745 225.87225335  -1.70628641  2.558  0.050  -1.0447  0.0822   1.2764  0.0909 -0.0787  69.507  2.530
TV____CMa            1 107.31421065 -13.78608837 227.21373631  -2.37987005  2.447  0.074  -0.7434  0.0496   0.1040  0.0454 -0.4351  36.754  7.418
FP____CMa            1 107.55091185 -15.53459616 228.87370119  -2.98010320  8.451  0.313  -0.4242  0.0379   1.1279  0.0359 -0.2234 103.822  3.879
FI____Mon            1 107.65829771  -7.12290115 221.45634909   0.99345882  5.643  0.198  -0.9308  0.0682   1.1195  0.0615  0.0493  95.842  7.732
J108.1503-27.8387    1 108.15031597 -27.83877652 240.14620276  -8.06918203  9.530  0.330  -0.3525  0.0409   1.6618  0.0543  0.0111 117.416  3.608
J071333-1451.5       1 108.38805562 -14.85832797 228.64606791  -1.95138326  2.633  0.054  -1.6106  0.0515   0.1786  0.0454 -0.2090  70.389  5.037
V434__CMa            1 108.42672701 -17.62026473 231.11486416  -3.19526689  6.536  0.246  -0.7795  0.0513   1.6290  0.0524 -0.0861 109.381  2.321
J071606.27-205300.8  1 109.02609944 -20.88355709 234.27767324  -4.19908542  7.140  0.230  -1.0142  0.0315   1.5799  0.0411 -0.2911  96.011  4.134
RY____CMa            1 109.15680371 -11.48729762 226.00880898   0.27822786  1.259  0.040  -2.7713  0.0694   1.7765  0.0607 -0.2768  46.382  2.559
DZ____CMa            1 109.24720202 -15.30705717 229.42913198  -1.42521502  3.028  0.069  -1.0243  0.0527   1.9809  0.0491 -0.3122  59.719  6.411
J109.2695-28.8235    1 109.26953732 -28.82351076 241.48074627  -7.63052832  9.672  0.418  -0.8042  0.0348   1.5967  0.0441  0.0267 104.248  4.479
OGLE-GD-CEP-0098     1 109.84201788 -19.54032653 233.44140383  -2.89760539  7.306  0.288  -0.5870  0.0372   1.1848  0.0414 -0.1778 117.683  7.477
AL____CMa            1 110.43813964 -26.53340617 239.90638190  -5.66326643  9.273  0.348  -0.7621  0.0312   1.5821  0.0386 -0.0142 121.437  7.720
TW____CMa            1 110.50990483 -14.31818020 229.12763386   0.11658594  2.604  0.058  -2.1796  0.0653   3.1448  0.0623 -0.0979  58.927 10.409
V423__CMa            1 110.81312181 -29.72243618 242.90593099  -6.84182322 10.099  0.437  -1.0681  0.0362   1.8393  0.0399 -0.1061 119.391  2.537
J072424-0751.3       1 111.10214637  -7.85544835 223.69693120   3.67376572  2.941  0.127  -1.6377  0.0639  -0.2279  0.0488 -0.3101  77.786  1.835
AO____CMa            1 111.16912582 -26.18849069 239.90572303  -4.92302716  4.026  0.120  -1.2063  0.0403   2.6710  0.0459 -0.1209  88.553  4.840
J111.2561-23.1579    1 111.25618007 -23.15791222 237.26000440  -3.43025418  7.647  0.246  -0.4735  0.0256   1.8437  0.0341 -0.1238  78.417  5.549
J072542-1953.8       1 111.42332350 -19.89666502 234.45675313  -1.75147299  3.944  0.085  -0.8699  0.0356   1.7379  0.0492 -0.1352  85.673  2.785
VZ____CMa            1 111.61766939 -25.92676852 239.86352943  -4.44438493  1.615  0.055  -3.5287  0.0417   3.1527  0.0540  0.0911  36.604  3.957
CK____Pup            1 111.82868370 -25.78535434 239.82824982  -4.21025109  7.477  0.252  -0.7447  0.0448   1.8839  0.0496 -0.0728 117.806  4.998
J072830-3039.3       1 112.12402273 -30.65554608 244.26728066  -6.27133451  9.785  0.386  -0.6389  0.0346   1.7093  0.0453  0.1344 126.820  1.604
OGLE-GD-CEP-0107     1 112.35337641 -15.97681586 231.43238925   0.89487052  5.009  0.149  -1.4323  0.0515   1.3076  0.0480 -0.0907  73.846  2.406
BD____Pup            1 112.66125013 -24.68751606 239.21903051  -3.02588394  7.383  0.256  -0.9764  0.0430   1.7953  0.0507  0.0659  93.567  5.739
J073113-2811.0       1 112.80044905 -28.18291117 242.35719502  -4.58448416  7.542  0.314  -0.9463  0.0410   2.1663  0.0459  0.1011  89.720 10.243
BQ____Pup            1 112.81548619 -25.90739108 240.35887401  -3.48685571  4.147  0.138  -2.0969  0.0369   3.1337  0.0409  0.0330  97.817  8.118
VW____Pup            1 112.95453039 -20.14965748 235.36676982  -0.60868957  3.514  0.084  -2.1134  0.0411   2.1645  0.0491 -0.1874  69.973  8.158
J073200-2529.3       1 112.99914017 -25.48840034 240.06986908  -3.14088571  2.681  0.074  -2.6855  0.0416   2.5373  0.0495 -0.0289  64.586  0.924
VX____Pup            1 113.15269945 -21.93042763 237.01626246  -1.30533446  1.279  0.026  -0.9235  0.0507  -0.4876  0.0545 -0.0538   6.928  3.087
X_____Pup            1 113.19596478 -20.90968246 236.14163871  -0.77728689  2.939  0.182  -1.2668  0.0508   1.5998  0.0626 -0.1184  99.700  7.007
BE____Pup            1 113.39792238 -25.84366701 240.55490056  -2.99657144  7.826  0.284  -1.2519  0.0335   1.7654  0.0404 -0.0179 116.229  7.586
OO____Pup            1 113.41167402 -16.31709574 232.22003873   1.62224457  5.308  0.186  -1.3065  0.0556   1.6576  0.0504  0.1152  87.564  3.557
J073453-2651.3       1 113.72247932 -26.85579412 241.58321829  -3.23038039  7.582  0.331  -1.0325  0.0305   2.1725  0.0407  0.1750  90.542  7.097
J073502-3554.9       1 113.75856414 -35.91299431 249.58827883  -7.53718739  7.386  0.280  -1.3135  0.0374   1.8053  0.0454  0.0614 130.771  6.488
J073518.78-313951.1  1 113.82822066 -31.66417808 245.85457155  -5.46461986 10.416  0.467  -0.8752  0.0272   1.0368  0.0309  0.0367  92.823  6.839
OGLE-GD-CEP-0119     1 114.01748653 -19.34744772 235.14986594   0.65517165  4.058  0.128  -1.8928  0.0374   2.1447  0.0426 -0.0863  67.892  6.314
J073620-2840.1       1 114.08443567 -28.66807044 243.32753341  -3.82690002  3.859  0.125  -1.0870  0.0484   2.8828  0.0579  0.0642  69.809  3.418
MY____Pup            1 114.57584339 -48.60141031 261.31330944 -12.85780606  0.747  0.026  -4.0622  0.1245   5.2906  0.1183  0.1406  14.831  1.106
VZ____Pup            1 114.64681846 -28.49960118 243.42065413  -3.31346090  4.706  0.194  -1.3856  0.0392   2.1701  0.0494  0.1684  63.485  7.070
OP____Pup            1 114.83953825 -17.34696295 233.78611170   2.31415352  3.884  0.112  -2.3947  0.0558   2.4717  0.0625 -0.3401  79.856  2.392
J115.1791-30.7146    1 115.17909544 -30.71466427 245.58330605  -3.99360976  9.386  0.323  -1.1268  0.0392   1.8210  0.0510  0.0033 111.939  4.236
OGLE-GD-CEP-0122     1 115.20408074 -25.45770861 241.01259154  -1.38702050  4.862  0.121  -1.8477  0.0496   3.3549  0.0511 -0.0172  87.997  4.460
EK____Pup            1 115.45716812 -25.04177425 240.76421281  -0.98238005  3.192  0.064  -2.4156  0.0456   3.9573  0.0517 -0.1008  69.372  1.903
WW____Pup            1 115.47869888 -21.13305754 237.37887693   0.97186420  3.748  0.137  -2.3843  0.0405   2.9757  0.0473 -0.1108  82.534  6.067
V719__Pup            1 115.92703335 -20.83895304 237.33152326   1.48125371  1.074  0.033  -2.8001  0.0468   4.8170  0.0442 -0.2062  41.139  1.250
J074401-1707.8       1 116.00252313 -17.12887153 234.14499985   3.38785629  6.034  0.187  -1.2422  0.0393   1.5583  0.0422 -0.2549  96.712  2.074
V612__Pup            1 116.11513482 -24.28858168 240.40827648  -0.08899362  7.120  0.154  -1.0412  0.0432   2.0297  0.0524 -0.1330 117.468  3.736
OGLE-GD-CEP-0127     1 116.29911056 -36.97474968 251.51719502  -6.25787201 10.677  0.394  -0.9745  0.0384   2.0621  0.0445  0.0612 126.601  7.847
J074751.56-321017.0  1 116.96476764 -32.17133075 247.60808743  -3.39376300  8.410  0.339  -1.2190  0.0298   2.3172  0.0361  0.0827 116.354  6.965
OGLE-GD-CEP-0137     1 117.92900142 -35.70423684 251.07000285  -4.48600947  9.846  0.375  -1.0783  0.0356   2.0536  0.0401  0.0708 117.138  3.628
OGLE-GD-CEP-0138     1 117.96338055 -24.42249895 241.37480440   1.29625286  7.406  0.242  -1.2649  0.0386   1.8340  0.0429  0.0249 125.215  1.014
V724__Pup            1 118.43777800 -36.97038484 252.37294016  -4.77671352  2.979  0.097  -2.7753  0.0370   3.7069  0.0414  0.0332  62.382  4.562
LL____Pup            1 118.45324357 -30.46030714 246.78066827  -1.42881574  3.076  0.075  -2.6439  0.0460   3.6424  0.0456  0.0328  59.293  4.760
V616__Pup            1 118.49014214 -28.36761797 245.00299020  -0.32379143  7.960  0.213  -1.4910  0.0371   2.0084  0.0406  0.1447 119.105  7.267
OGLE-GD-CEP-0146     1 118.71080992 -37.62245639 253.04691213  -4.92293445  4.442  0.139  -1.8498  0.0883   3.7122  0.1003  0.1294  85.368  5.890
J075503-2614.3       1 118.76197715 -26.23812719 243.30359594   0.98209727  3.834  0.120  -2.7521  0.0505   2.8972  0.0506 -0.0908  85.497  0.481
OGLE-GD-CEP-0147     1 118.81265166 -32.25403372 248.47669830  -2.09052640  7.979  0.186  -1.2840  0.0322   2.4789  0.0346 -0.0270 114.257  5.702
LQ____Pup            1 119.05200713 -32.60264047 248.87981646  -2.09798851  4.250  0.101  -2.4565  0.0477   3.5204  0.0644  0.0933  83.099  3.671
V335__Pup            1 119.24041553 -22.82542437 240.60750068   3.12151980  2.299  0.064  -3.0338  0.0576   2.8410  0.0557  0.1729  41.622  1.806
LR____Pup            1 119.26546641 -28.16157524 245.18040950   0.36707926  4.693  0.167  -1.8608  0.0401   3.8870  0.0414  0.1001 103.841  4.386
HW____Pup            1 119.42569127 -27.60189187 244.77654280   0.77964631  7.616  0.271  -1.5205  0.0427   1.9444  0.0529  0.2190 139.592  7.102
AP____Pup            1 119.44026897 -40.12333726 255.49533591  -5.71896080  0.980  0.030  -6.1683  0.0568   4.2284  0.0748  0.0396  15.670  4.064
V620__Pup            1 119.45785653 -29.38404659 246.31150987  -0.12637589  3.810  0.087  -2.3186  0.0421   3.5688  0.0468  0.0899  89.470  8.910
WY____Pup            1 119.52140878 -24.04175799 241.78218361   2.70965875  4.387  0.152  -2.4464  0.0366   2.0062  0.0424  0.1363  67.882  3.903
J075840-3330.2       1 119.66611108 -33.50404612 249.91810616  -2.12756425  4.369  0.105  -2.3916  0.0412   3.2952  0.0478  0.0431  70.008  4.536
NT____Pup            1 119.69307346 -38.99433498 254.62567100  -4.96870459  7.930  0.437  -1.5040  0.0501   3.3237  0.0614 -0.0357  82.521  5.044
LS____Pup            1 119.74673635 -29.30786300 246.37830838   0.12808432  4.477  0.172  -2.5685  0.0412   3.2417  0.0425  0.0728 106.573  8.639
V622__Pup            1 119.80081347 -26.69888097 244.18123980   1.53635185  7.810  0.285  -1.4233  0.0433   1.9524  0.0438  0.0582 107.798  3.884
WZ____Pup            1 120.09545293 -23.70316734 241.76789116   3.33415360  3.820  0.115  -2.3323  0.0415   2.3228  0.0421  0.0542  69.819  4.965
V629__Pup            1 121.24492827 -28.86088786 246.69261127   1.47537462  5.113  0.164  -1.8425  0.0364   2.8948  0.0381  0.0813  67.591  5.144
V729__Pup            1 121.29596591 -34.36026684 251.36074478  -1.43293544  4.123  0.101  -1.9618  0.0421   2.3512  0.0497  0.0673  65.959  4.812
OGLE-GD-CEP-0171     1 121.32197655 -37.58019458 254.09495238  -3.13732005  9.013  0.299  -1.5095  0.0334   2.3769  0.0373 -0.0229 116.162  3.298
J080822-3222.6       1 122.09382425 -32.37667645 250.04868832   0.19720228  3.449  0.100  -2.1075  0.0416   2.6522  0.0447  0.1446  61.932  2.926
J080927-3315.7       1 122.36345979 -33.26211503 250.91519962  -0.09349656  5.104  0.121  -2.9160  0.0393   3.1761  0.0516 -0.0395  84.060  3.829
OGLE-GD-CEP-0183     1 122.56081515 -32.89204290 250.69506233   0.24685715  5.910  0.174  -2.3070  0.0400   3.0635  0.0404  0.1221  92.209  3.445
V730__Pup            1 122.60325175 -38.47372776 255.39343732  -2.76934387  3.117  0.095  -2.2906  0.0503   2.7991  0.0497  0.1016  42.111  4.185
V731__Pup            1 122.60782290 -32.52136185 250.40610203   0.48238727  3.930  0.117  -3.2405  0.0418   3.2133  0.0413  0.0934  69.350  5.311
AX____Vel            1 122.70547229 -47.69852871 263.22865231  -7.69495553  1.311  0.045  -6.8031  0.0521   7.9999  0.0681 -0.0339  18.565  3.072
HL____Pup            1 122.79503270 -33.51586073 251.32452856   0.06985427  2.708  0.083  -2.2650  0.0519   3.6906  0.0523  0.0615  53.093  3.114
AH____Vel            1 122.99983496 -46.64431979 262.44082080  -6.95954992  0.702  0.022  -4.4052  0.1005   6.7683  0.0906  0.1023  28.809  2.003
AT____Pup            1 123.09332213 -36.94374227 254.32419617  -1.60763012  1.551  0.042  -4.5612  0.0544   3.7345  0.0527  0.1147  23.854  3.530
RS____Pup            1 123.26754706 -34.57851335 252.42745652  -0.18716062  1.695  0.062  -3.5220  0.0381   2.8236  0.0454 -0.1264  23.246  4.731
OGLE-GD-CEP-0190     1 123.50690615 -42.15180846 258.85499826  -4.20640711  6.997  0.220  -2.5274  0.0736   2.9403  0.0832  0.0371 109.941  4.551
CE____Pup            1 123.53348763 -42.56814433 259.21450905  -4.41902037 12.224  0.470  -1.5093  0.0443   2.5300  0.0491  0.0843 132.120  3.973
J082117-3845.3       1 125.32005917 -38.75436950 256.80898590  -1.16201626  5.153  0.158  -2.4781  0.0501   3.4342  0.0635 -0.0281 103.540  5.589
J082127-3825.3       1 125.36086744 -38.42169997 256.55346623  -0.94656705  4.916  0.117  -2.1328  0.0394   3.3261  0.0500  0.1067  67.444  5.835
OGLE-GD-CEP-0221     1 126.59843078 -42.33008718 260.29658991  -2.41799871  5.018  0.131  -2.4480  0.0625   3.8745  0.0617  0.0565  76.848  4.321
OGLE-GD-CEP-0222     1 126.82403842 -44.23933170 261.94998515  -3.39039058  3.835  0.130  -2.5751  0.0607   4.4103  0.0647  0.1396  56.847  3.180
V_____Car            1 127.18202420 -60.12256358 275.24952615 -12.28524838  1.188  0.045  -4.0622  0.0502   2.4779  0.0543  0.1326  26.315  3.065
DU____Pyx            1 127.24359820 -36.23207196 255.62959736   1.53972736  3.814  0.102  -3.5499  0.0408   2.8370  0.0484  0.1108  67.270  6.724
CO____Vel            1 127.42212261 -40.33388287 259.03491979  -0.75163467  2.281  0.054  -3.3461  0.0562   3.4183  0.0582  0.1110  34.920  5.734
BH____Vel            1 127.45211389 -41.22377632 259.76872049  -1.25574905  4.117  0.103  -3.2832  0.0482   3.9587  0.0572  0.0802  51.387  2.378
J083130-4429.3       1 127.87589684 -44.48824424 262.59265793  -2.92599694  5.055  0.109  -2.8768  0.0535   4.2068  0.0658  0.0998  52.256  5.531
OGLE-GD-CEP-0236     1 128.37935748 -38.44720177 257.95106882   0.96068987  5.521  0.117  -2.9129  0.0525   3.2392  0.0466  0.1339  59.691  5.292
OGLE-GD-CEP-0240     1 128.57474746 -42.40008336 261.21241593  -1.27815359  4.490  0.095  -3.4101  0.0614   3.9184  0.0675 -0.0347  72.443  1.801
DX____Pyx            1 128.60862020 -35.98516877 256.08246085   2.57524427  4.353  0.143  -2.8075  0.0420   2.1938  0.0677  0.1020  58.483  4.154
V519__Vel            1 128.64165902 -41.57663604 260.58184261  -0.74613570  1.554  0.031  -4.1154  0.0476   1.8283  0.0497 -0.0106  28.341  1.894
OGLE-GD-CEP-0243     1 128.76806853 -38.89694914 258.49311345   0.93540052  3.671  0.067  -3.5771  0.0550   3.3261  0.0535  0.1175  53.368  2.987
AM____Vel            1 128.90465847 -47.75932922 265.65421675  -4.29431887 10.016  0.383  -3.0105  1.0158   3.3216  0.9912  0.0209 140.018  4.204
T_____Vel            1 129.42006909 -47.36194935 265.54487255  -3.77761888  1.077  0.037  -6.7297  0.0548   4.1743  0.0562 -0.0293   1.177  3.915
OGLE-GD-CEP-0254     1 129.77018901 -43.31259738 262.46899422  -1.12889815  2.520  0.053  -2.9397  0.0791   3.5350  0.0788 -0.0079  67.939  1.229
J083908-3722.5       1 129.78342738 -37.37550786 257.76141559   2.49026450  7.042  0.256  -2.4029  0.0446   3.0266  0.0445  0.1105  84.984  5.691
OGLE-GD-CEP-0256     1 129.86192233 -40.35275544 260.16235214   0.72724449  2.031  0.055  -3.5053  0.1142   3.7766  0.1312  0.0552  16.809  3.976
OGLE-GD-CEP-0263     1 130.29051399 -42.82225050 262.31283262  -0.52844054  3.427  0.078  -3.3185  0.0951   4.0061  0.1066  0.0512  48.130  7.266
OGLE-GD-CEP-0269     1 130.69278012 -43.56418172 263.07827330  -0.75347495  2.991  0.077  -3.4630  0.0955   3.7346  0.1047  0.1016  47.669  9.010
J084304-5117.9       1 130.76665580 -51.29774610 269.21501187  -5.47402505  2.960  0.083  -4.1767  0.0498   3.0275  0.0451  0.0123  21.832  1.862
J084412-3528.4       1 131.05060790 -35.47370852 256.88088470   4.46099959  3.330  0.106  -3.1110  0.0394   2.7847  0.0518  0.1383  59.913  2.547
SX____Vel            1 131.22275870 -46.34296120 265.49362883  -2.17908031  2.067  0.061  -4.5504  0.0629   4.6762  0.0678 -0.0293  26.422  4.623
ST____Vel            1 131.23285544 -50.56002010 268.81303552  -4.78825307  1.751  0.052  -4.8742  0.0494   4.4132  0.0563 -0.1749  -1.410  7.379
OGLE-GD-CEP-0281     1 131.89256751 -47.22988803 266.47359898  -2.37436784  6.119  0.205  -2.4335  0.0398   2.8920  0.0390  0.0514  91.496  7.443
CP____Vel            1 132.04364143 -48.65915287 267.65120282  -3.19264630  5.589  0.166  -3.2446  0.0453   3.6258  0.0430 -0.0188  68.955  4.704
OGLE-GD-CEP-0283     1 132.06637410 -45.96267969 265.56229420  -1.48523360  5.340  0.144  -3.1332  0.0824   3.7143  0.0894 -0.0539  64.433  4.553
OGLE-GD-CEP-0285     1 132.36449483 -45.46564444 265.30790864  -1.01016286  4.452  0.097  -3.3567  0.0761   4.0519  0.0706  0.0155  58.050  6.652
J084951-4627.2       1 132.46304355 -46.45396652 266.11681198  -1.58242942  3.842  0.073  -3.4319  0.0627   3.4640  0.0617 -0.0030  50.396  2.211
OGLE-GD-CEP-0289     1 132.59564305 -43.26842627 263.71251482   0.50969768  6.036  0.161  -2.8681  0.1207   3.4383  0.1310  0.0453  56.090  8.868
OGLE-GD-CEP-0301     1 134.33759268 -51.19882829 270.55346401  -3.67817294 10.204  0.425  -2.1883  0.0427   2.6746  0.0409  0.0861 127.039  8.701
V527__Vel            1 136.14871525 -46.55363813 267.84337092   0.27878497  3.056  0.062  -4.4475  0.0504   4.2292  0.0466  0.0246  32.482  6.476
CX____Vel            1 136.65872195 -52.35745728 272.37520840  -3.36511809  2.810  0.101  -3.4642  0.0972   2.1330  0.0845  0.0854  26.207 16.493
BG____Vel            1 137.06554688 -51.43625487 271.86311541  -2.55883419  0.922  0.034 -10.4914  0.0653   5.6331  0.0704  0.1279   9.371  2.501
OGLE-GD-CEP-0322     1 137.25223364 -53.59880117 273.53524017  -3.93818776  4.862  0.153  -4.4359  0.0466   3.4457  0.0446  0.0728  23.263  3.354
OGLE-GD-CEP-0324     1 137.34242083 -49.47683893 270.54127738  -1.10110033  3.529  0.084  -4.5466  0.1192   3.5473  0.1236  0.1130  32.001  6.434
V530__Vel            1 137.38338847 -53.98770299 273.87465973  -4.14461766  5.866  0.189  -3.6511  0.0435   4.3619  0.0425  0.0567  72.827  4.031
OGLE-GD-CEP-0338     1 138.58385791 -51.49157478 272.55059688  -1.90623766  3.812  0.075  -4.1923  0.1056   3.3486  0.0867  0.1523  42.267  5.775
OGLE-GD-CEP-0339     1 138.61381467 -47.31830713 269.54852014   0.99317146  1.943  0.066  -5.1967  0.1303   3.6717  0.1336  0.1490  27.013  4.178
J091606-5418.6       1 139.02433419 -54.30972893 274.77029102  -3.66620586  6.058  0.171  -2.8521  0.0521   3.5708  0.0455  0.0921  90.145  3.884
DK____Vel            1 139.31963284 -53.08484776 274.01096683  -2.68839987  3.259  0.089  -4.0989  0.0447   3.4738  0.0427  0.0102  25.671  6.328
J091822.17-542444.5  1 139.59221851 -54.41226033 275.07498633  -3.50029804 18.540  1.094  -2.2608  0.0314   1.9175  0.0330 -0.0986 127.485  7.758
OGLE-GD-CEP-0345     1 139.69907822 -50.07938245 272.02815383  -0.41679313  4.264  0.085  -3.7474  0.0629   3.4413  0.0592  0.0699  33.529  4.309
J091933-5137.4       1 139.88405204 -51.62042496 273.20684500  -1.41655508  4.198  0.087  -4.4815  0.0530   3.6101  0.0452  0.1464  27.082  6.766
EX____Vel            1 140.00627312 -52.85618481 274.13781445  -2.23318993  4.925  0.168  -4.3744  0.0477   3.8755  0.0478  0.1979  55.081  1.760
OGLE-GD-CEP-0351     1 140.11485274 -51.19747938 273.00809997  -1.01639721  7.429  0.144  -3.5618  0.0730   3.4666  0.0643  0.0445  65.110  2.995
OGLE-GD-CEP-0354     1 140.55281105 -53.06411605 274.51788340  -2.14729828  7.099  0.180  -3.8649  0.0295   3.1832  0.0262  0.0317  82.262  5.015
V_____Vel            1 140.56728948 -55.96026001 276.56971998  -4.19449648  0.987  0.034 -10.1220  0.0582  13.8569  0.0502  0.1410 -14.235  2.747
V532__Vel            1 140.70749597 -51.86073974 273.73752597  -1.22611534  5.528  0.112  -4.0488  0.0616   2.1057  0.0671 -0.0863  74.430  2.340
OGLE-GD-CEP-0363     1 141.39643203 -53.41956391 275.12754157  -2.04715423  8.461  0.254  -3.5750  0.0591   2.8404  0.0516 -0.0194 134.639  2.320
OGLE-GD-CEP-0365     1 141.50120342 -52.63924902 274.62947514  -1.44298256  3.440  0.072  -4.4001  0.0812   3.1394  0.0679  0.0784  35.296  3.433
OGLE-GD-CEP-0367     1 141.94592101 -54.03382595 275.78835838  -2.26380835  3.484  0.102  -5.3177  0.0707   3.8753  0.0660  0.1403  -7.588  3.955
V536__Vel            1 141.99085902 -52.31620821 274.62066523  -1.00341484  3.878  0.079  -4.3646  0.0524   3.3587  0.0434  0.2170  34.830  5.057
V537__Vel            1 142.52115606 -51.62362502 274.38144013  -0.27596909  3.633  0.077  -4.3569  0.0551   4.0659  0.0581  0.0161  24.737  3.989
DP____Vel            1 142.56597487 -53.05867531 275.38449062  -1.30272442  3.363  0.071  -4.2730  0.0634   3.3471  0.0509  0.1178  36.193  7.340
DR____Vel            1 142.92069156 -49.65498936 273.22140053   1.33468530  2.038  0.067  -5.6906  0.0564   3.7099  0.0546  0.0598  31.492  7.927
FG____Vel            1 143.34884019 -52.75584569 275.52410853  -0.75945594  3.234  0.064  -4.9801  0.0490   3.8581  0.0492 -0.2129  11.781  3.116
T_____Ant            1 143.46187748 -36.61573658 264.53693250  11.12413472  3.020  0.113  -6.9689  0.0349   5.8500  0.0470  0.2152  27.510  4.448
OGLE-GD-CEP-0380     1 143.84201653 -53.74265197 276.40768242  -1.28898378  3.912  0.085  -4.4789  0.0884   3.1094  0.0916  0.0109  20.233 13.344
OGLE-GD-CEP-0381     1 143.86175129 -54.35950916 276.83093648  -1.73801486  5.926  0.153  -3.8684  0.0681   3.2143  0.0606  0.1286  42.162  2.984
OGLE-GD-CEP-0385     1 144.13747400 -52.36749395 275.61744063  -0.14958793  3.731  0.068  -5.4557  0.0542   3.1285  0.0450  0.2164  24.774  1.422
AE____Vel            1 144.21440653 -53.03277917 276.09684491  -0.61322645  2.303  0.054  -5.1115  0.0544   3.9569  0.0459  0.0551  14.330  7.294
J093942-4931.5       1 144.92368204 -49.52500797 274.09686571   2.30272471  2.875  0.077  -4.8679  0.0552   3.4468  0.0545 -0.1676  -7.609  1.782
OGLE-GD-CEP-0399     1 146.66790620 -55.18827234 278.59589263  -1.29848497  4.806  0.097  -4.2612  0.0754   3.0224  0.0688  0.0453  15.991  3.623
V850__Car            1 147.08272277 -57.81045022 280.45280261  -3.16545783  5.287  0.154  -4.1777  0.0521   3.9688  0.0528  0.1001  24.013  4.884
V690__Car            1 147.11167857 -58.01813600 280.59750903  -3.31544759  3.368  0.103  -6.2735  0.0701   4.0228  0.0737  0.2358  19.427 11.686
FN____Vel            0 147.17282595 -55.51952773 279.02854716  -1.36945854  2.174  0.045  -6.2559  0.0573   3.3032  0.0552  0.1756  14.953 10.204
OGLE-GD-CEP-0412     1 148.01595136 -51.99246769 277.18433702   1.67813524  8.241  0.309  -4.1802  0.0323   2.7961  0.0301  0.1688  91.886  5.746
OGLE-GD-CEP-0414     1 148.30896518 -55.09445226 279.26230758  -0.63174759  7.439  0.169  -3.9893  0.3799   2.5017  0.3430  0.3817  58.732  5.843
OGLE-GD-CEP-0416     1 148.35142300 -54.15266186 278.69369770   0.11942961  4.371  0.088  -4.6822  0.0599   3.6680  0.0559  0.0563  14.415  3.927
GX____Car            1 148.85895494 -58.42968889 281.57318026  -3.05675755  2.194  0.070  -5.5012  0.0544   2.6686  0.0504  0.3018  31.284  5.831
OGLE-GD-CEP-0422     1 149.07207832 -54.75241418 279.39423254  -0.09147275  5.182  0.107  -4.1414  0.0621   2.8255  0.0569  0.2420  43.623 11.813
OGLE-GD-CEP-0424     1 149.08015458 -54.72487645 279.38094796  -0.06690477  4.807  0.085  -4.2770  0.0576   2.3635  0.0522  0.1673  39.898  1.808
V397__Car            1 150.01532813 -66.27623281 286.85494778  -8.91183811  1.176  0.032  -5.4799  0.0521   2.3901  0.0498  0.0757  18.078  1.335
OGLE-GD-CEP-0436     1 151.06854984 -55.84199390 280.95824004  -0.27216333  3.532  0.074  -5.2527  0.1054   3.6165  0.0986  0.0606  12.508  3.824
V701__Car            1 152.30668356 -57.24258923 282.33209435  -1.00715538  2.257  0.054  -5.4341  0.1016   2.5473  0.0757  0.1040  19.048  3.732
J101016-5811.2       1 152.56699857 -58.18687615 282.99090794  -1.69796566  2.083  0.047  -6.1594  0.0488   3.7129  0.0453  0.1290   4.711  1.255
OGLE-GD-CEP-0447     1 152.60989869 -56.31421017 281.93221494  -0.15299136  3.754  0.082  -6.2229  0.1222   3.5095  0.1134  0.0657  22.106 10.576
V854__Car            1 152.65332175 -58.29636529 283.09110580  -1.76138301  2.535  0.060  -5.9644  0.0624   2.8962  0.0573  0.0593 -18.870 16.156
J101045-5009.6       1 152.68706339 -50.15948143 278.42522469   4.90793955  6.030  0.185  -4.6735  0.0518   3.1738  0.0498  0.0860  52.923  6.157
OGLE-GD-CEP-0457     1 153.04726674 -56.61195935 282.30078746  -0.25880579  4.769  0.139  -5.5267  0.1495   4.3770  0.1581  0.3204  24.284  6.510
OGLE-GD-CEP-0463     1 153.55936784 -59.26643011 284.03013216  -2.29133016  5.511  0.190  -5.7303  0.0497   3.3939  0.0462  0.1718  45.450  9.358
OGLE-GD-CEP-0467     1 153.75586122 -58.88203904 283.89713303  -1.91677858  4.611  0.142  -5.6601  0.0514   2.9015  0.0494  0.1767  28.551  4.726
CN____Car            1 153.88689357 -58.17443862 283.55683722  -1.29254437  2.877  0.076  -5.9056  0.0505   2.4565  0.0496  0.0916  -8.561  5.706
V708__Car            1 153.90780898 -59.55129053 284.33716846  -2.42726135  4.378  0.156  -6.2251  0.0779   3.3835  0.0797  0.1160   1.606  2.986
OGLE-GD-CEP-0472     1 154.26087223 -58.26749371 283.77226979  -1.25995996  3.865  0.090  -4.4963  0.0746   3.2173  0.0716 -0.0394  -5.001  4.387
OGLE-GD-CEP-0477     1 154.49107041 -57.78002406 283.60371809  -0.78658235  3.927  0.093  -5.3645  0.1092   3.1563  0.0988  0.0757  13.240 12.679
AB____Vel            1 154.96707587 -56.30977673 283.01207673   0.58404681  4.171  0.128  -5.7385  0.0544   2.5219  0.0468  0.2677  27.628  2.101
J102012-5900.3       1 155.04909099 -59.00450731 284.52076562  -1.64929998  2.965  0.062  -6.2809  0.0591   3.1702  0.0705  0.3342  -1.775 10.924
GZ____Car            1 155.08483163 -59.37660898 284.73925436  -1.95113542  2.314  0.056  -5.8578  0.0550   2.5781  0.0507  0.2545  -3.212  5.522
RY____Vel            1 155.17091345 -55.32138090 282.56886352   1.47492835  2.524  0.105  -6.9021  0.3063   4.1735  0.2834  0.1659  -3.225  2.622
AQ____Car            1 155.34567490 -61.07407592 285.77271161  -3.30480505  2.720  0.084  -6.3716  0.0583   3.9390  0.0578 -0.0593  -2.853  6.468
HS____Car            1 156.14238398 -59.53596287 285.27812960  -1.79571582  3.902  0.101  -6.7500  0.0555   3.7092  0.0571  0.1399   9.492 13.362
OGLE-GD-CEP-0503     1 156.20010448 -58.77205253 284.89673281  -1.13309385  4.898  0.109  -6.2058  0.0612   3.2426  0.0602  0.0342   8.082  2.844
J102558-5956.8       1 156.49252578 -59.94550480 285.64507648  -2.04940162  3.705  0.076  -6.3559  0.0557   3.4181  0.0523  0.0137   7.061  2.600
UW____Car            1 156.71193715 -59.66953231 285.59351141  -1.75668978  2.006  0.051  -7.3050  0.0516   3.5901  0.0495  0.2007  -1.075 14.139
OGLE-GD-CEP-0519     1 156.99901804 -57.17695499 284.41724776   0.44609558  3.476  0.065  -7.2627  0.0526   3.8635  0.0502  0.0811   8.250  3.703
OGLE-GD-CEP-0520     1 157.00157138 -59.82204897 285.79778171  -1.81026575  4.316  0.100  -6.3694  0.0483   3.0083  0.0459  0.2094  -0.114  1.528
YZ____Car            0 157.07013221 -59.35017857 285.58142503  -1.38944184  2.729  0.066  -6.6262  0.0526   2.2388  0.0514  0.2620  -4.088  3.975
UX____Car            1 157.29678845 -57.61339170 284.78108125   0.15652759  1.479  0.037  -7.0728  0.0573   2.2570  0.0543  0.1356  -4.072  4.880
OGLE-GD-CEP-0523     1 157.45945029 -59.60391903 285.88211458  -1.50399924  4.202  0.081  -5.8990  0.0484   2.7513  0.0476  0.1096  21.449  1.018
OGLE-GD-CEP-0524     1 157.50942941 -61.21803994 286.73618469  -2.87427600 10.811  0.696  -3.9786  0.0384   2.4045  0.0359  0.0373  60.526  9.804
J103052-5903.7       1 157.71506482 -59.06022367 285.71441861  -0.97061992  4.515  0.098  -5.4789  0.0530   2.4050  0.0521  0.0929  17.573  5.450
OGLE-GD-CEP-0531     1 157.80412352 -58.30382292 285.36705369  -0.29709301  4.871  0.117  -6.0197  0.0441   3.5155  0.0432  0.1089  20.380  4.551
CQ____Car            1 157.83373940 -59.98000555 286.23694082  -1.73005897  4.337  0.143  -5.6505  0.0520   2.9742  0.0501  0.2215  25.272  7.750
J103158-5814.7       1 157.99175744 -58.24495655 285.42190475  -0.19613778  2.484  0.052  -6.4678  0.0503   3.1870  0.0433  0.0374  29.512  3.150
CR____Car            1 158.22526518 -58.52099642 285.66743689  -0.37191715  4.740  0.105  -5.8748  0.0496   2.7692  0.0500  0.0885  31.061 10.768
Y_____Car            0 158.29513801 -58.49862285 285.68762458  -0.33416570  1.387  0.032  -9.0847  0.0614   2.2914  0.0662  0.2238 -16.750  3.107
AY____Car            1 158.63079032 -59.80853889 286.49515035  -1.37989656  3.490  0.098  -6.6986  0.0485   3.5670  0.0481  0.0152  18.226  9.312
CS____Car            1 158.65487068 -58.02290893 285.61212138   0.17220619  3.694  0.083  -6.2826  0.0514   3.5626  0.0515  0.0275  18.387  7.978
OGLE-GD-CEP-0546     1 159.02010257 -58.87159532 286.20047567  -0.46860145  3.248  0.075  -5.0146  0.1225   2.9602  0.1246  0.2059   7.747  3.461
XX____Vel            1 159.03578277 -56.04322629 284.80587226   1.99218432  3.176  0.161  -7.7395  0.0572   3.3880  0.0504  0.1373   9.557  6.069
OGLE-GD-CEP-0547     1 159.06148735 -58.42102422 285.99599119  -0.06652539  2.493  0.059  -5.3990  0.0874   2.1702  0.0935  0.1234  -7.486  4.366
CT____Car            0 159.23233125 -61.58130964 287.63259468  -2.77177067 10.084  0.466  -4.7685  0.0408   3.5681  0.0370  0.0427 102.520  6.009
J103920-5451.6       1 159.83373987 -54.85961147 284.61908571   3.24552091  3.267  0.116  -5.2547  0.0450   2.1325  0.0426  0.1967   7.560  3.798
HW____Car            1 159.83465089 -61.15243180 287.67442645  -2.25651076  2.642  0.078  -6.1688  0.0463   2.5214  0.0448 -0.0392 -12.217  4.393
OGLE-GD-CEP-0558     1 160.32382375 -58.94444057 286.82392652  -0.20422932  7.024  0.186  -5.1988  0.2588   2.3007  0.2249  0.1731  40.534 17.100
V720__Car            1 160.38167687 -59.94663789 287.32915331  -1.07028158  3.364  0.073  -5.3443  0.0460   2.6734  0.0494 -0.0587   7.712  1.562
OGLE-GD-CEP-0564     1 160.55347077 -59.65498626 287.26603219  -0.77271715  6.210  0.173  -4.7393  0.0798   2.5055  0.0764  0.0690  37.318  9.595
EY____Car            1 160.59590941 -61.16590130 288.00319297  -2.09190655  2.168  0.043  -6.2382  0.0436   3.1316  0.0443 -0.0975  11.421  6.306
OGLE-GD-CEP-0566     1 160.72436145 -61.02361046 287.99031537  -1.93719371  6.761  0.171  -5.3897  0.0433   2.3995  0.0413 -0.0185  28.394  7.907
J104300-6131.2       1 160.75018083 -61.52006908 288.23652600  -2.36857674  3.709  0.101  -6.1509  0.0496   2.2358  0.0524  0.0391   3.371  1.473
OGLE-GD-CEP-0568     1 160.82900891 -59.19155466 287.16985557  -0.29820198  4.413  0.172  -5.3295  0.0947   2.0173  0.0932  0.2724  -3.102  4.996
VY____Car            1 161.13616184 -57.56535764 286.54760203   1.21285177  1.858  0.075  -6.2134  0.0619   2.4858  0.0555  0.1984  23.708  7.126
SV____Vel            1 161.23472071 -56.28954270 285.99835195   2.36577160  2.276  0.088  -7.2057  0.0529   2.6712  0.0565  0.0957  11.353  4.567
SX____Car            1 161.52428669 -57.54752125 286.72362159   1.32556631  1.822  0.061  -6.3391  0.0647   3.0204  0.0626  0.1594  -0.940  7.837
OGLE-GD-CEP-0575     1 161.68640787 -60.26827448 288.05439337  -1.04905063  2.458  0.072  -5.5910  0.0562   2.3332  0.0613 -0.0431 -14.343  7.563
OGLE-GD-CEP-0579     1 162.08266405 -59.81234245 288.02143479  -0.55312232  4.066  0.087  -7.0801  0.0523   3.1513  0.0475  0.0769   7.456  2.323
FH____Car            1 162.09637260 -60.65394364 288.41079089  -1.29930089  5.427  0.148  -6.0733  0.0497   2.6379  0.0471 -0.0646  14.016  7.357
II____Car            1 162.20434784 -60.06304052 288.18971101  -0.74870336  6.347  0.297  -5.0257  0.0836   2.6682  0.0809  0.1475  28.970  8.265
OGLE-GD-CEP-0585     1 162.41866328 -58.99965708 287.80559288   0.24881882  7.766  0.201  -5.1702  0.0932   2.7692  0.0780 -0.0255  35.762  7.720
FI____Car            1 162.75755077 -58.59058526 287.77897412   0.69318067  4.860  0.170  -6.6310  0.0514   3.1213  0.0542  0.0571   7.124  6.501
WW____Car            1 162.89898540 -59.38499303 288.19807484   0.01439036  2.205  0.053  -5.5474  0.0444   2.4983  0.0441 -0.1035  -6.318 10.393
DY____Car            1 163.13667164 -60.52675386 288.81046029  -0.95658486  4.125  0.099  -7.1787  0.0462   3.0276  0.0428  0.0608 -11.673  4.877
OGLE-GD-CEP-0596     1 163.19321770 -59.74729466 288.49204398  -0.24456466  5.758  0.115  -6.1416  0.0459   2.8737  0.0490  0.0720  39.492  2.128
FZ____Car            1 163.50735775 -59.19967334 288.39539308   0.31757976  3.962  0.076  -7.1018  0.0416   3.0249  0.0433  0.1124   0.830  6.312
CC____Car            1 163.61189101 -61.34709961 289.37755110  -1.59283842  4.515  0.130  -4.7364  0.0489   1.6168  0.0379 -0.1969  22.069  3.992
IM____Car            1 163.78783536 -60.54772290 289.10774996  -0.83551217  4.190  0.102  -5.7276  0.0432   1.7533  0.0419  0.0806  -2.746  6.595
OGLE-GD-CEP-0604     1 163.80097745 -60.15841193 288.94526731  -0.48166439  6.390  0.164  -5.1951  0.0555   2.1532  0.0553  0.0076  32.256  8.353
OGLE-GD-CEP-0605     1 163.82158512 -60.56704389 289.13106401  -0.84576363  5.670  0.100  -5.6765  0.0355   2.5697  0.0336 -0.0429  20.563  3.658
IO____Car            1 164.10919478 -60.73267647 289.32959054  -0.93466476  5.553  0.123  -5.7163  0.0513   2.1529  0.0430  0.0298  26.913  2.867
XX____Car            1 164.28833805 -65.13474434 291.28801225  -4.87938001  3.524  0.150  -5.7172  0.0469   2.4538  0.0452 -0.1150 -11.381 17.357
U_____Car            1 164.45072691 -59.73217958 289.05702560   0.04280822  1.547  0.078  -5.9659  0.0483   2.1715  0.0477 -0.0413  18.101  4.533
CY____Car            1 164.46108042 -60.74208454 289.48925529  -0.86994893  2.255  0.050  -5.8612  0.0459   1.2248  0.0414 -0.0541   6.143  2.123
CF____Car            1 164.77043440 -60.27884192 289.43225626  -0.38566151  4.674  0.092  -5.7835  0.0423   2.0739  0.0382 -0.0384  18.338  6.847
V442__Car            1 164.80019186 -60.31178028 289.45944309  -0.40939510  5.975  0.132  -6.1291  0.0430   2.1965  0.0399  0.0484  21.113  9.084
GT____Car            1 164.85853157 -59.48638821 289.14080516   0.35257564  6.893  0.136  -5.0185  0.0410   1.7957  0.0383 -0.0020  17.015  1.887
FM____Car            1 165.10433909 -60.99318558 289.87884875  -0.96676049  6.360  0.163  -5.8099  0.0498   2.2854  0.0472 -0.1589  31.526  7.123
FN____Car            1 165.30988997 -60.11656099 289.60874830  -0.12668149  3.811  0.085  -7.8648  0.0466   2.9346  0.0398 -0.0309  -4.777  7.733
OGLE-GD-CEP-0617     1 165.39268686 -62.21022403 290.50616500  -2.01877465  7.520  0.220  -6.0114  0.0445   2.0208  0.0409 -0.1570  48.151  7.154
XY____Car            1 165.56688245 -64.26289331 291.42023503  -3.85897583  2.528  0.085  -5.1447  0.0457   3.1484  0.0406 -0.0278  -8.261  9.605
HK____Car            1 165.93830250 -60.64226377 290.10653793  -0.48028941  4.127  0.083  -5.4861  0.0467   1.6263  0.0452  0.1085   8.220  3.316
ER____Car            1 167.42134742 -58.83771516 290.08523884   1.47265392  1.096  0.041  -9.6899  0.0525   2.3501  0.0444 -0.2036 -20.556  3.935
GH____Car            1 167.68575434 -60.75027260 290.93599149  -0.24545923  2.551  0.060  -6.7073  0.0455   2.0761  0.0496  0.0973 -10.040  3.011
V898__Cen            1 167.83482740 -54.55700677 288.66488584   5.51823863  1.633  0.050  -7.7216  0.0579   1.8204  0.0583  0.2502 -12.714  4.118
IT____Car            1 168.04212518 -61.75486742 291.47266351  -1.11183570  1.538  0.037  -7.0625  0.0553   1.7104  0.0502 -0.0678 -18.782  2.013
GI____Car            1 168.50010994 -57.91090105 290.26226274   2.54391390  1.912  0.060  -8.0629  0.0579   1.5755  0.0530  0.0913 -22.103  2.005
FR____Car            1 168.58835996 -60.05291829 291.09020616   0.56770876  3.172  0.110  -4.5917  0.0581   1.5002  0.0482 -0.1572 -10.704  9.674
OGLE-GD-CEP-0646     1 169.12047538 -61.20396914 291.75024409  -0.41074379  6.363  0.172  -6.0747  0.0835   1.8771  0.0779  0.0462  36.009 13.465
OGLE-GD-CEP-0651     1 169.58944749 -59.23795835 291.27005049   1.50989460  8.550  0.303  -5.4746  0.0492   1.2094  0.0394 -0.0563  47.798  3.837
V1372_Cen            1 170.16292359 -61.83119771 292.43587634  -0.82364587  4.014  0.091  -5.3007  0.0394   1.3873  0.0349 -0.0063   0.168  8.554
AY____Cen            1 171.27392084 -60.73461202 292.57093796   0.38842604  1.665  0.039  -6.7117  0.0535   1.9933  0.0475 -0.1216 -11.394  9.970
AZ____Cen            1 171.30403919 -61.36914801 292.79233613  -0.20641161  1.885  0.038  -7.1620  0.0518   2.1743  0.0524 -0.0750  -7.303  1.665
OGLE-GD-CEP-0667     0 171.69650485 -58.81949990 292.15062033   2.26893241  9.450  0.312  -5.7712  0.0432   1.7792  0.0378  0.0091 117.721  4.677
V1048_Cen            1 172.17772185 -59.42869881 292.57875045   1.76989749  1.918  0.059  -5.0820  0.0416   1.3104  0.0419  0.0592 -30.152  5.609
OGLE-GD-CEP-0675     1 172.59503589 -62.43755237 293.70826395  -1.02629809  3.072  0.058  -7.1083  0.0473   2.0618  0.0433  0.0504 -48.512  2.350
V419__Cen            1 172.72674122 -56.89883483 292.06701361   4.26446249  2.094  0.062  -6.1833  0.0663   1.9113  0.0709 -0.1317 -22.517  1.450
OGLE-GD-CEP-0678     1 172.84734564 -60.58341199 293.25464717   0.77552226  9.819  0.373  -5.1968  0.0393   1.2015  0.0340  0.0744  77.356  2.508
LV____Cen            1 173.32409913 -63.24239982 294.26945429  -1.69244989  3.321  0.070  -6.0717  0.0491   1.5390  0.0437  0.0767 -18.198  5.128
IZ____Cen            1 175.33100212 -62.26475737 294.87422158  -0.49492931  2.933  0.060  -5.7054  0.0528   1.1598  0.0571  0.0108 -21.561  7.933
KK____Cen            1 175.70084190 -58.99338811 294.18068584   2.70725417  5.425  0.239  -6.4088  0.0500   1.7165  0.0536  0.1075 -10.739  3.564
RT____Mus            1 176.13693706 -67.30525033 296.53092127  -5.26852598  1.306  0.038  -6.7520  0.0508  -0.9425  0.0476  0.0105  -2.679  9.375
OGLE-GD-CEP-0700     1 176.63379599 -61.64099468 295.30482109   0.26589565  5.578  0.112  -6.5923  0.0495   1.1272  0.0390 -0.0120   5.286  4.284
V873__Cen            1 177.24570600 -62.42884395 295.77540991  -0.42806221  6.236  0.138  -6.5158  0.0544   1.1749  0.0486  0.1037   0.923  6.808
MS____Mus            1 177.33302027 -66.01072879 296.66945964  -3.89698029  1.943  0.055  -6.0306  0.0573   0.3426  0.0475  0.1637  -1.175  5.547
TZ____Mus            1 177.73501853 -65.14071235 296.62589450  -3.01230005  3.461  0.115  -6.0205  0.0565   1.4314  0.0509  0.2286 -25.694  7.399
UU____Mus            1 178.07378275 -65.40418211 296.82469806  -3.23611027  3.306  0.135  -5.9134  0.0419   0.3283  0.0382  0.0554 -23.763  4.036
BB____Cen            1 178.38968258 -62.85219552 296.38473872  -0.71851396  2.835  0.064  -6.3450  0.0404   0.9525  0.0381  0.0858 -13.487  4.085
J115701-6218.7       0 179.25487930 -62.31141669 296.65701812  -0.10449292  7.983  0.199 -14.8653  0.0419  -0.4383  0.0377  0.1624  -5.280  0.220
SV____Cru            1 179.47384358 -62.64612560 296.82550830  -0.41088885  4.159  0.105  -6.4263  0.0440   1.3086  0.0445 -0.0162 -12.656  4.945
TY____Cru            1 181.66763507 -62.59684496 297.80672746  -0.17141606  4.494  0.104  -6.7313  0.0475   0.1676  0.0393 -0.0025 -22.016  5.547
S_____Mus            0 183.19581279 -70.15179512 299.63614879  -7.52778710  0.810  0.032  -8.0158  0.1926  -1.6736  0.1814 -0.0656   4.527  4.996
AD____Cru            1 183.24856594 -62.09682358 298.45057887   0.43996592  2.999  0.076  -5.3499  0.0555   0.4531  0.0511  0.2197 -20.475  0.348
OGLE-GD-CEP-0779     1 185.33778905 -63.18523170 299.54646138  -0.51142023  5.938  0.112  -6.2250  0.0452   0.4406  0.0427  0.1651  -0.016  4.822
T_____Cru            1 185.33793264 -62.28163509 299.44125572   0.38603107  0.777  0.019 -10.8876  0.0411  -0.6475  0.0406  0.1654  -4.735  2.923
FQ____Cru            1 185.66715853 -62.15991269 299.57982889   0.52444715  3.310  0.100  -7.3053  0.0625   0.1648  0.0631  0.2070 -36.987 13.927
VV____Cru            1 185.88240324 -64.47088916 299.92964519  -1.76194706  3.588  0.088  -6.3839  0.0488   0.2854  0.0497  0.2819 -38.803  3.571
R_____Cru            1 185.90694977 -61.62912879 299.63394989   1.06441291  0.875  0.022  -9.4044  0.3369  -0.4304  0.3073  0.2169 -21.885  3.075
J122511-6120.9       1 186.29704782 -61.34817138 299.78973791   1.36332783  2.118  0.065  -6.5546  0.0473   0.0328  0.0458  0.2468 -20.214  2.579
OGLE-GD-CEP-0796     1 187.48634069 -62.44680301 300.44928202   0.32129968  3.561  0.065  -8.4008  0.0460   1.6982  0.0480  0.2848 -51.890  4.028
BG____Cru            1 187.91793472 -59.42394058 300.41625266   3.35122681  0.497  0.023 -12.6888  0.1174  -4.1100  0.1127  0.2337 -22.694  0.914
VW____Cru            1 188.32774811 -63.50636967 300.91185746  -0.70574002  1.344  0.032  -3.8817  0.0572  -1.2890  0.0554  0.3060   7.462  4.585
OGLE-GD-CEP-0800     1 188.36360084 -61.73335416 300.80410981   1.06407553  5.690  0.164  -6.5881  0.1534   0.7242  0.1342  0.3360 -28.213 13.229
VX____Cru            1 188.59724773 -61.23762324 300.88171473   1.56624066  4.481  0.194  -6.0917  0.0619   0.1625  0.0595  0.2980 -31.124  7.896
J123617-6317.6       1 189.07190311 -63.29349496 301.23063743  -0.47180167  3.133  0.057  -3.8318  0.0504  -0.9653  0.0481  0.3210   5.146  5.705
V1253_Cen            0 189.51588979 -38.52350229 300.06279013  24.27372921  9.836  0.373  -3.2700  0.0747   1.5525  0.1294 -0.5055  86.763  7.671
J123907.25-581704.4  1 189.78014170 -58.28456462 301.30855963   4.54835585 11.526  0.376  -5.8075  0.0396   0.2033  0.0406  0.3508  54.823  2.466
OGLE-GD-CEP-0813     1 189.89032935 -62.10801325 301.54330533   0.73171082  3.665  0.077  -6.4301  0.1041   0.2746  0.0995  0.2861 -38.478  4.387
AG____Cru            1 190.35841951 -59.79418624 301.67212743   3.05309040  1.274  0.046  -4.3603  0.0472  -2.0144  0.0506  0.2714  -3.774  3.564
R_____Mus            1 190.52088887 -69.40756376 302.10419075  -6.55084908  0.875  0.030  -4.1799  0.0436  -2.1267  0.0405 -0.0057   2.782  3.108
J124421-6300.8       1 191.08954050 -63.01237781 302.12882362  -0.15166803  3.722  0.094  -6.2985  0.0984  -0.0269  0.0866  0.3658 -13.060  9.431
X_____Cru            1 191.59278020 -59.12472733 302.28053780   3.74061424  1.519  0.044  -5.8205  0.0576  -0.2658  0.0546  0.4544 -31.969  2.960
S_____Cru            1 193.59157736 -58.43063233 303.31634083   4.43893187  0.699  0.026  -9.4803  0.0550  -3.9868  0.0601  0.3219   1.327  2.932
RY____Cru            1 193.61310645 -63.93530401 303.26310228  -1.06549248  3.599  0.153  -6.6207  0.0746  -0.5186  0.0758  0.3346 -37.717  6.780
OGLE-GD-CEP-0853     1 194.75033209 -64.08341529 303.75840707  -1.22380333  5.793  0.143  -6.4557  0.0513  -0.5761  0.0512  0.2335 -28.030  6.217
OGLE-GD-CEP-0858     1 195.15699380 -62.60026347 303.98901290   0.25262241  4.986  0.129  -6.8134  0.1270  -1.0091  0.1274  0.2924  -9.725  6.592
V496__Cen            1 195.79448844 -60.87746849 304.36068756   1.96170859  1.819  0.060  -3.4213  0.0391  -0.7479  0.0496  0.3259 -18.777  5.852
OGLE-GD-CEP-0872     1 196.56080781 -62.94025718 304.61480007  -0.11689439  4.464  0.089  -6.6197  0.1170  -1.1568  0.1317  0.2356 -17.357  3.618
MY____Cen            1 197.76854854 -61.62705271 305.26301672   1.15578866  1.870  0.058  -5.4443  0.0662   0.1623  0.0727  0.3114  -9.440  4.699
V1384_Cen            1 198.50063184 -62.49845363 305.53356310   0.25925798  3.959  0.082  -6.8195  0.0392  -0.8085  0.0461  0.3039 -50.841  2.814
MZ____Cen            1 198.50695985 -64.32487953 305.37647866  -1.56040390  4.068  0.119  -6.0485  0.0433  -0.5735  0.0531  0.3337 -33.198  4.862
V356__Mus            1 199.30730819 -66.08319257 305.54576992  -3.34242260  2.593  0.080  -6.4484  0.0389  -0.5391  0.0393  0.2186 -44.157  3.609
V378__Cen            1 199.74279642 -62.38234508 306.11683194   0.31902043  1.777  0.040  -5.5443  0.0413  -2.3579  0.0487  0.3743 -24.234  2.199
V880__Cen            1 200.59609327 -62.85280196 306.45348635  -0.19284112  5.852  0.138  -6.4916  0.0790  -1.0682  0.0861  0.3874  -8.329 10.456
OGLE-GD-CEP-0913     1 201.38477443 -63.32057059 306.74876164  -0.70181784  5.045  0.129  -7.2062  0.0440  -1.3998  0.0429  0.3641 -39.758  2.623
V881__Cen            1 201.83998065 -63.01964253 306.99309142  -0.43149094  5.099  0.141  -6.8964  0.0559  -1.3035  0.0657  0.4111  -9.924  6.383
V659__Cen            1 202.88915648 -61.58237308 307.68671745   0.91844990  0.782  0.017  -5.9082  0.1641  -1.8342  0.2122  0.3450  -6.967  1.361
V882__Cen            1 203.93118282 -62.66747246 307.99056831  -0.23150314  3.026  0.055  -5.2855  0.0762  -1.3282  0.0878  0.4042 -33.239  3.477
KN____Cen            1 204.15366012 -64.55831567 307.76144233  -2.11101925  3.179  0.107  -6.7001  0.0440  -1.2947  0.0494  0.3374 -37.812 11.418
OGLE-GD-CEP-0939     1 204.95954616 -63.68047433 308.26611424  -1.31111422  3.149  0.072  -5.7301  0.0405  -1.4419  0.0533  0.3108 -65.949  2.372
XX____Cen            0 205.07765392 -57.61318376 309.46234683   4.63757091  1.734  0.056  -4.0197  0.0631  -1.1311  0.0779  0.0169 -27.917  3.437
V1197_Cen            1 205.15813640 -63.37499598 308.41055082  -1.02774139  2.725  0.062  -5.5978  0.0424  -1.6089  0.0498  0.3859 -44.310  4.037
EX____Mus            1 206.85369652 -68.24989569 308.10093974  -5.94171895 17.530  0.730  -3.9791  0.0273  -0.5513  0.0287  0.3717  87.898  7.157
V381__Cen            1 207.68448927 -57.58050958 310.83950633   4.37795435  1.180  0.043  -5.7925  0.0561  -1.7932  0.0538  0.0841 -24.930  2.680
OGLE-GD-CEP-0967     1 211.28961936 -60.47905929 311.89559413   1.10333885  3.264  0.072  -6.5916  0.0577  -2.7476  0.1265  0.1493 -32.700  4.443
OGLE-GD-CEP-0970     1 211.70483106 -61.73143853 311.73169917  -0.15436958  3.444  0.077  -6.1921  0.0603  -2.3315  0.1079  0.6273 -31.358  3.600
J140742-6315.4       1 211.92499956 -63.25433432 311.38865668  -1.64161596  3.600  0.076  -5.4768  0.0397  -2.3119  0.0545  0.4485 -31.174  5.423
OGLE-GD-CEP-0974     1 213.76020250 -62.73593731 312.34046814  -1.40136897  4.180  0.157  -5.6806  0.0552  -2.1121  0.0924  0.5124 -41.200  6.647
OGLE-GD-CEP-0978     1 214.40167592 -61.26677880 313.09895965  -0.10758828  3.331  0.079  -5.3738  0.0781  -2.1003  0.1026  0.0744 -64.381  4.029
J141836.53-544202.9  0 214.65215748 -54.70078058 315.39004653   6.04870100 21.647  1.284  -6.0815  0.0424  -1.8983  0.0562 -0.4453 -10.313  5.180
V339__Cen            0 215.45223552 -61.54966126 313.47819966  -0.54228734  1.668  0.043  -4.1667  0.0361  -7.6285  0.0584 -0.1125 -28.519  2.297
V1345_Cen            1 215.94036016 -58.49028491 314.76429724   2.24442766  1.800  0.058  -3.2463  0.0814  -1.8155  0.0647 -0.0636  -1.408  4.539
V675__Cen            0 216.21206642 -34.66238542 323.90601587  24.37638200 11.548  0.402  -3.5185  0.0794   0.8692  0.0956 -0.4564 174.015  5.526
OGLE-GD-CEP-0986     1 217.61241805 -62.12266596 314.22576276  -1.44175377  4.777  0.182  -5.8925  0.0725  -2.9817  0.0894  0.0180 -59.849  8.284
V_____Cen            1 218.13779457 -56.88774549 316.44455691   3.30756961  0.706  0.024  -6.3993  0.0809  -7.0310  0.0816 -0.1425 -15.759  3.607
TX____Cen            1 218.79934862 -60.99798302 315.17706722  -0.61735737  3.054  0.116  -4.8690  0.0390  -2.9613  0.0730 -0.0999 -55.825  4.791
V1210_Cen            1 219.23146620 -58.26145831 316.45189561   1.81398855  1.192  0.133  -2.1049  0.0732  -2.0045  0.0851 -0.1754 -28.501  9.175
V737__Cen            1 219.29984533 -62.01091610 314.99865107  -1.64264485  0.799  0.030  -2.2508  0.0372  -3.5899  0.0551 -0.0406   8.382  2.349
OGLE-GD-CEP-0996     1 219.96837784 -60.56112543 315.87438952  -0.44332937  2.721  0.070  -2.9648  0.0677  -3.5327  0.1190 -0.2405 -47.637  4.607
BP____Cir            1 221.67486886 -61.46195862 316.25001503  -1.60704403  0.818  0.026  -5.3546  0.0467  -3.9202  0.0664  0.0405 -22.041  1.441
AV____Cir            1 222.62619725 -67.49763191 313.97378728  -7.21496322  0.809  0.028  -3.3018  0.0364  -2.2491  0.0524  0.2147   8.690  1.573
AX____Cir            0 223.14684190 -63.80986010 315.82527589  -4.01321541  0.497  0.025  -4.7788  0.4433  -5.1080  0.5166  0.0391 -18.035  1.849
OGLE-GD-CEP-1012     1 223.59740619 -60.45782327 317.53130947  -1.11903865  3.873  0.113  -5.1573  0.0712  -3.3764  0.1123 -0.2415 -74.965  6.179
GS____Lup            1 223.81426332 -54.05482072 320.56254134   4.52359067  5.505  0.205  -4.6004  0.0741  -3.1562  0.0819 -0.3395 -77.936  9.281
EV____Cir            1 226.44354275 -58.38196225 319.78965419   0.02278268  2.764  0.113  -4.7815  0.1324  -4.0393  0.1122  0.0438 -48.659  3.783
IQ____Nor            1 228.20631632 -54.75527895 322.45647953   2.66602043  1.853  0.055  -0.7973  0.0892  -1.7617  0.1048 -0.5217 -27.787  5.857
R_____TrA            1 229.94041276 -66.49607517 316.97680030  -7.75793276  0.613  0.021  -5.1129  0.0314  -8.3166  0.0700  0.1747 -19.042  2.475
FL____Cir            1 230.08876518 -58.12225466 321.56677644  -0.74365707  2.248  0.049  -2.9334  0.1317  -2.5358  0.1657 -0.4725 -37.248  3.611
OGLE-GD-CEP-1052     1 232.57886955 -57.10627894 323.23990573  -0.63631054  4.354  0.107  -4.4389  0.1384  -3.4809  0.1350 -0.3448 -63.466 13.099
LR____TrA            1 232.70754468 -65.59936018 318.42231323  -7.64182037  1.029  0.030  -4.7504  0.0292  -7.8752  0.0481  0.1493 -25.235  1.012
OGLE-GD-CEP-1057     1 232.96889450 -54.91402335 324.67088768   1.03878481  3.083  0.072  -5.8222  0.2740  -4.3833  0.2131 -0.0485 -58.214  3.967
V391__Nor            1 232.96911194 -59.24980210 322.18374640  -2.51313181  1.806  0.055  -3.7174  0.0504  -4.0493  0.0538 -0.3197 -38.399  3.201
OGLE-GD-CEP-1079     1 235.48286505 -55.01928048 325.77610332   0.10487503  3.644  0.251  -4.6452  0.2996  -2.7474  0.2260  0.0780 -100.851  1.643
U_____Nor            1 235.58714392 -55.31194027 325.64705364  -0.16446467  1.428  0.039  -1.9163  0.0980  -2.7874  0.0874 -0.3364 -32.372  2.262
OGLE-GD-CEP-1083     1 236.00008730 -55.22073354 325.88946268  -0.23456109  4.246  0.086  -4.2191  0.2809  -3.0324  0.1993 -0.0036 -59.431  2.899
SY____Nor            1 238.67837379 -54.56644168 327.50149216  -0.68357289  2.041  0.054  -1.2733  0.0563  -2.0833  0.0482 -0.5444 -26.770  2.997
J155847-5341.8       1 239.69544155 -53.69646504 328.51758985  -0.40147781  1.633  0.030  -0.2323  0.0633  -0.7354  0.0482 -0.4654 -20.768  0.960
S_____TrA            1 240.29462772 -63.77654886 322.12947153  -8.22385526  0.855  0.030  -2.2443  0.0479  -2.8045  0.0399 -0.0789   6.027  3.279
J160125-5150.3       1 240.35547227 -51.83901353 330.03245367   0.74517108  2.186  0.049  -1.6281  0.1436  -2.3615  0.0993  0.1605 -55.869  1.672
OGLE-GD-CEP-1111     1 240.67669596 -53.54163659 329.05904037  -0.66526550  3.640  0.084  -4.1629  0.0869  -4.2422  0.0695 -0.5048 -87.299  3.224
OGLE-GD-CEP-1114     1 241.04875549 -53.59877082 329.18695692  -0.85426332  3.663  0.070  -3.3388  0.0764  -3.7636  0.0593 -0.5166 -66.898  3.886
TW____Nor            1 241.23009579 -51.95352687 330.36193454   0.30261297  2.264  0.082  -2.1940  0.0845  -2.8353  0.0715 -0.0351 -59.664  4.165
RS____Nor            1 241.29146854 -53.91942819 329.08099312  -1.18920318  1.968  0.046  -2.1186  0.0631  -3.4334  0.0503 -0.3744 -39.080  4.365
OGLE-GD-CEP-1116     1 241.33806708 -50.91673519 331.10254015   1.03134604  4.656  0.161  -4.1382  0.2256  -5.0337  0.1632  0.1026 -63.458  6.663
U_____TrA            1 241.82917047 -62.91057245 323.23184191  -8.04260109  1.040  0.036  -1.4266  0.0578  -2.7666  0.0526  0.0311 -12.226  3.361
OGLE-GD-CEP-1124     1 242.72026464 -51.14291575 331.59285485   0.27874106  2.893  0.060  -2.5958  0.1259  -3.3278  0.0803 -0.4937 -50.914  2.512
J161112-522952       1 242.80151936 -52.49775762 330.70724765  -0.74783210  3.695  0.157  -3.7316  0.0930  -4.9747  0.0672 -0.3576 -84.977  9.350
QZ____Nor            1 242.83526289 -54.35413455 329.45625027  -2.11991073  1.872  0.040  -1.7465  0.0620  -3.7628  0.0510 -0.3742 -40.335  2.088
V340__Nor            1 243.32248386 -54.23489647 329.74537944  -2.22760256  1.812  0.084  -2.0985  0.0787  -2.5126  0.0707 -0.3852 -41.698  1.640
GU____Nor            1 243.72812754 -53.33843918 330.53705893  -1.74277254  1.590  0.037  -1.2451  0.0612  -2.4636  0.0473 -0.3381 -18.773  3.775
V397__Nor            1 243.98143592 -51.12072833 332.18344118  -0.24855269  2.526  0.065  -1.8529  0.0675  -2.2590  0.0506 -0.2918 -30.679  2.894
S_____Nor            0 244.71595242 -57.89980252 327.75354632  -5.40348081  0.874  0.032  -1.4150  0.0663  -2.2867  0.0565 -0.1115  -1.376  2.655
J162326-0941.0       0 245.86001210  -9.68318477   4.84088027  26.82547159  1.734  0.051  17.0765  0.0888  -7.6630  0.0607  0.0082  40.282  0.864
J162811-5111.9       1 247.04679191 -51.19898774 333.48657589  -1.66409141  1.676  0.033   0.3837  0.0623  -2.0557  0.0404 -0.1595 -19.888  3.225
OGLE-GD-CEP-1165     1 249.01397026 -47.08830344 337.36860766   0.20237409  3.373  0.106  -3.5950  0.2766  -3.4341  0.1495  0.2995 -11.240  5.954
OGLE-GD-CEP-1173     1 249.84360784 -46.73068033 338.01372113   0.02086765  4.519  0.152  -3.0972  0.1818  -4.2574  0.1466 -0.1598 -87.597  8.806
AB____Ara            0 250.53742674 -57.31247328 330.32490220  -7.28350624 13.463  0.631  -5.5669  0.0502  -3.9648  0.0513  0.0891 -76.697  6.215
OGLE-GD-CEP-1181     1 251.24068533 -44.61521314 340.24812401   0.68071996  3.224  0.065  -3.3734  0.0947  -3.5656  0.0754 -0.2087 -80.397  2.612
V340__Ara            0 251.32961657 -51.34263817 335.17972079  -3.74695061  4.268  0.151  -2.6062  0.0668  -6.6613  0.0531  0.2520 -60.710  7.576
OGLE-GD-CEP-1187     1 252.56140135 -43.56965448 341.65906828   0.63227948  3.669  0.069  -3.7722  0.2119  -2.7712  0.2067 -0.4181 -36.968  2.016
KQ____Sco            1 252.91060564 -45.42670555 340.38843686  -0.74475801  2.158  0.067  -1.3536  0.0831  -2.2336  0.0647 -0.2923 -47.140 18.803
OGLE-GD-CEP-1193     1 253.29347042 -42.93971035 342.48433782   0.62195126  3.188  0.062  -3.0315  0.1903  -3.4116  0.1421 -0.0911 -41.989  3.632
RV____Sco            1 254.58229263 -33.60912907 350.41261654   5.66671548  0.774  0.034   1.9984  0.0955  -6.3190  0.0565  0.1655 -20.863  5.575
BF____Oph            1 256.52291014 -26.58056506 357.08034509   8.57319657  0.801  0.026   0.3956  0.1083  -0.1626  0.0661  0.0708 -36.028  4.706
OGLE-GD-CEP-1201     0 256.94864940 -41.09652500 345.60875254  -0.38133550  5.090  0.157  -2.6969  0.1839  -3.1726  0.1174  0.1941 -118.553  4.998
OGLE-BLG-CEP-104     1 258.12036585 -38.88043063 347.92470474   0.21289453  3.415  0.075  -0.5917  0.1841  -2.1342  0.1222  0.1220 -30.750  4.937
V470__Sco            1 259.35609895 -37.31884218 349.76031918   0.33383994  1.564  0.048  -1.3272  0.1241  -2.1554  0.0882 -0.0818 -20.055  0.153
OGLE-BLG-CEP-111     1 260.06457246 -37.76781927 349.71576663  -0.38389631  3.283  0.092  -2.4410  0.3212  -3.4877  0.2198  0.1349 -29.112  3.824
V636__Sco            0 260.69365441 -45.61428835 343.51038276  -5.22072495  0.785  0.026  -2.5111  0.0805  -2.3195  0.0579  0.1356   8.944  2.737
V482__Sco            1 262.70158661 -33.60991764 354.35902822   0.17315226  0.909  0.027   0.3158  0.0909  -2.8785  0.0626 -0.0134  13.344  3.446
J173550.78-323056.7  1 263.96156904 -32.51577319 355.85168294  -0.11683698  3.055  0.141  -1.1321  0.2360  -1.9887  0.1764  0.1414  -8.628  7.345
OGLE-BLG-CEP-125     1 264.01757669 -32.33715576 356.02759925  -0.06033360  3.207  0.120  -0.7036  0.3678  -0.9663  0.2772  0.0892  -1.395 13.398
V950__Sco            1 264.40650539 -40.81354938 349.02963928  -4.86598419  0.932  0.030  -0.4270  0.0973  -1.5883  0.0838 -0.3070  11.611  2.342
J173848-3304.4       1 264.69831347 -33.07257376 355.71407525  -0.93820535  1.218  0.034  -1.0055  0.0927  -1.9468  0.0682 -0.0689 -32.205  2.659
V2744_Oph            1 265.28444372 -23.47430924   4.12747024   3.71878347  1.353  0.043   1.6791  0.1031  -0.2240  0.0788  0.0513   6.146  2.901
V500__Sco            1 267.15626318 -30.47596767 359.02115372  -1.35600683  1.391  0.039   1.9827  0.1077  -1.4793  0.0839  0.1857  -9.889  6.734
RY____Sco            1 267.71811109 -33.70567600 356.48924508  -3.41967488  1.407  0.070   0.9978  0.2570  -1.4801  0.1654  0.7445  -9.230  5.421
Y_____Oph            0 268.16124481  -6.14359644  20.59839182  10.12047064  0.632  0.025  -3.2339  0.1349  -4.6464  0.1113  0.2366  -0.400  3.577
V773__Sgr            1 268.57334388 -26.75821383   2.85324774  -0.52691849  1.479  0.041   0.9276  0.1033  -0.1513  0.0762  0.1911  -5.035  3.077
V5738_Sgr            1 270.92392384 -22.18298539   7.88550430  -0.09899655  2.407  0.098  -1.0775  0.1191  -0.6666  0.0976 -0.1558   9.461  0.113
W_____Sgr            0 271.25513212 -29.58010907   1.57578171  -3.97960899  0.412  0.018   4.3675  0.5806  -5.7694  0.4316 -0.0156 -25.443  6.924
CR____Ser            1 272.50887814 -13.54596194  16.16689153   2.78876955  1.584  0.053  -1.2792  0.0716   0.8259  0.0614  0.1936 -10.629  8.761
V536__Ser            1 272.87749193 -15.92597638  14.25080911   1.33099666  2.451  0.096  -0.5254  0.0872  -1.3631  0.0720  0.0098   1.994  6.723
VY____Sgr            1 273.01902611 -20.70402398  10.12583234  -1.08456637  2.357  0.088   0.1773  0.1191  -1.3506  0.0949 -0.0216  40.662 18.827
AP____Sgr            1 273.26040319 -23.11729418   8.11416348  -2.43778905  0.809  0.022   0.8864  0.1562  -3.7588  0.1298  0.8146  -5.977  8.027
V412__Ser            1 273.56595416  -9.33906303  20.36456706   3.88911143  1.617  0.047  -0.8750  0.1423  -2.2757  0.1096 -0.5761  16.665  4.424
OGLE-BLG-CEP-150     1 273.83068887 -16.30957946  14.35262224   0.34340193  3.463  0.078  -2.2752  0.2173  -3.3753  0.1941  0.5127  31.451  4.532
V1954_Sgr            1 273.85943871 -20.62955260  10.56739672  -1.73954909  2.347  0.062  -0.4350  0.0991  -2.2588  0.0787 -0.0085  25.636 11.038
WZ____Sgr            1 274.24882143 -19.07583136  12.10901050  -1.32324902  1.782  0.079   1.1445  0.1119  -0.2448  0.0887 -0.2547   7.669  9.952
V5567_Sgr            1 275.27307880 -18.45547405  13.11423609  -1.88510449  2.142  0.086   3.0549  0.1554   1.8860  0.1261 -0.4806  16.635  7.597
Y_____Sgr            1 275.34576126 -18.86003244  12.78923099  -2.13592595  0.524  0.021  -3.1897  0.3669  -8.0335  0.2799  0.0953  -3.143  4.523
V458__Sct            1 275.61278388 -10.12477171  20.62348429   1.73964905  1.616  0.057   1.5174  0.0827   0.1185  0.0748  0.1200   3.811  5.487
XX____Sgr            1 276.18541944 -16.79717376  14.98764086  -1.87677771  1.362  0.059  -0.0572  0.0960  -0.3840  0.0855  0.0672   4.032  5.980
J182714-1507.1       1 276.80604408 -15.11798852  16.75230742  -1.62270391  2.242  0.105  -0.2876  0.0792  -2.8457  0.0691  0.1377  26.408  6.507
X_____Sct            1 277.83228317 -13.10818457  18.99534446  -1.57333625  1.683  0.042  -0.0265  0.1121  -2.1461  0.0879 -0.4041   5.214 12.992
UZ____Sct            1 277.84319192 -12.92871565  19.15948294  -1.49985159  3.155  0.086  -0.5817  0.0932  -2.4251  0.0799 -0.1121  54.075  6.067
U_____Sgr            1 277.97220976 -19.12509894  13.70629456  -4.45963670  0.653  0.033  -1.6814  0.0736  -6.0302  0.0650  0.2122  19.378  2.824
V367__Sct            1 278.39681412 -10.42725844  21.62932035  -0.82630659  1.900  0.050   0.0658  0.0751  -0.0204  0.0651  0.0191  -9.558  3.419
J279.0161-07.9499    1 279.01614915  -7.94990348  24.11004346  -0.22830180  3.356  0.147  -0.1252  0.2040  -1.2578  0.1639  0.3662  40.435  2.986
BQ____Ser            1 279.06642077   4.39825261  35.12944687   5.37482052  1.040  0.038   3.2029  0.0771   1.1039  0.0727 -0.0572 -10.356  9.195
J183652-0907.1       1 279.21815359  -9.11800578  23.16435280  -0.94254463  1.895  0.034  -0.5081  0.0865  -0.0661  0.0799  0.1063  -9.733  4.628
EW____Sct            1 279.46298771  -6.79679600  25.33784461  -0.09212914  0.479  0.024   5.7113  0.1451   1.9212  0.1120 -0.1953 -26.089  5.099
Y_____Sct            1 279.51377354  -8.36894671  23.96405578  -0.85832375  1.694  0.058  -0.7072  0.0919  -2.9755  0.0788 -0.0100   5.907  4.221
J183848-1324.8       1 279.70167444 -13.41278128  19.56008225  -3.32980724  1.118  0.047   1.3967  0.1379  -1.5255  0.1017 -0.4047 -12.443 10.392
OGLE-GD-CEP-1209     1 279.75144892  -6.49177841  25.74031885  -0.20678974  3.181  0.121  -1.1290  0.1994  -2.6028  0.1605  0.0073   7.121  2.333
OGLE-GD-CEP-1213     1 280.05536994  -5.95623210  26.35478045  -0.22989563  4.162  0.104  -2.2384  0.1706  -3.5452  0.1371 -0.0797  38.756  8.067
CK____Sct            1 280.25276439  -6.09722730  26.31931706  -0.46897108  2.111  0.062   0.2423  0.1392  -0.5473  0.1167  0.0544   8.013  2.421
AA____Ser            0 280.34067112  -1.11123361  30.79357166   1.73415847  3.436  0.092  -1.3690  0.1276  -2.4398  0.1174  0.0419 -55.157 16.246
OGLE-GD-CEP-1219     1 280.52022410  -8.22857647  24.54483438  -1.67954888 10.228  0.229  -3.4947  0.1055  -6.6655  0.0927  0.1564  82.423  8.764
CN____Sct            1 280.62703854  -4.33066291  28.06069024   0.00784003  2.606  0.080  -1.0833  0.0810  -2.1050  0.0819  0.4028  23.594 10.906
J280.6497-05.2660    1 280.64981195  -5.26605176  27.23919172  -0.44006680  3.805  0.101  -2.1394  0.2245  -2.5772  0.1870  0.1443  63.792  2.931
SS____Sct            1 280.93130483  -7.73109373  25.17357185  -1.81473547  1.017  0.029   1.6816  0.1076   1.3838  0.0990  0.2966 -13.851  2.549
OGLE-GD-CEP-1225     1 280.94478013  -4.12592284  28.38763799  -0.18040123  3.424  0.074  -1.2046  0.1733  -2.4131  0.1441  0.1133  52.411  7.324
OGLE-GD-CEP-1227     1 280.99436289  -4.76148645  27.84486550  -0.51475802  3.662  0.083  -1.7932  0.1562  -3.1657  0.1403 -0.0110  23.277  2.964
FT____Sct            1 281.15905122  -4.41610429  28.22711094  -0.50303829  3.122  0.070  -1.6635  0.1215  -3.0742  0.1057  0.0261  58.250  3.315
V350__Sgr            0 281.32289956 -20.64739396  13.75847242  -7.95844273  0.911  0.030  -0.2770  0.0842  -3.0030  0.0743  0.3135  14.872  3.980
OGLE-GD-CEP-1234     0 281.33229351  -4.83382260  27.93428309  -0.84737856  6.460  0.180  -3.4886  0.1473  -6.2195  0.1334  0.2931  77.204  6.083
OGLE-GD-CEP-1237     1 281.36194356  -3.60275664  29.04315438  -0.31171359  3.868  0.101  -1.1357  0.2281  -3.1710  0.2025  0.1966  51.949  4.365
BB____Her            0 281.47541248  12.33609821  43.33976684   6.80090598  3.584  0.124  -4.2183  0.0701 -10.0976  0.0837  0.1615  97.002  8.965
J184741-0654.4       1 281.92150941  -6.90671531  26.35554526  -2.31366934  2.592  0.081   0.6370  0.0948  -0.7153  0.0873  0.0831  39.234  2.005
YZ____Sgr            1 282.36912121 -16.72304105  17.75231678  -7.11797212  1.237  0.044   0.2594  0.1144  -3.3101  0.0901 -0.2387  29.999  6.721
BX____Sct            1 282.53848716  -4.36811759  28.89705100  -1.70526510  2.044  0.083  -0.1057  0.0802  -0.8060  0.0715  0.0372   1.125  2.950
V480__Aql            1 282.64530575   7.12598190  39.18430994   3.43215363  2.857  0.104  -1.8891  0.0909  -3.6560  0.0873  0.1089  33.694  8.718
V1495_Aql            1 283.32450140  -0.10759802  33.04820249  -0.46292620  3.148  0.079  -1.2444  0.1366  -3.2290  0.1280 -0.0523  37.576  9.820
OGLE-GD-CEP-1252     1 283.57978038   0.65509227  33.84340149  -0.34229707  3.448  0.115  -0.6711  0.2868  -2.2175  0.2839  0.3931  26.032  3.607
V1496_Aql            1 283.74804836  -0.07678376  33.26877647  -0.82582358  3.926  0.134  -1.5440  0.0929  -3.6116  0.0854  0.0762  71.760  5.811
V800__Aql            1 284.13509348  10.81187427  43.14483681   3.78855706 18.510  0.975  -1.7748  0.0568  -3.1323  0.0596  0.4947 -73.766  8.553
OGLE-GD-CEP-1259     1 284.22234468  -2.71783044  31.13273551  -2.45102412 11.470  0.264  -2.5680  0.0881  -6.3303  0.0778  0.1534  65.430  5.317
V493__Aql            1 284.35110674  -0.73023868  32.96207206  -1.66047267  2.209  0.068  -1.7113  0.0900  -2.1496  0.0733 -0.1830  24.900  6.948
FF____Aql            0 284.56144611  17.36087371  49.20496244   6.36325773  0.403  0.014  -1.0676  0.1578  -9.6926  0.1669  0.2578 -14.749  1.894
OGLE-GD-CEP-1264     1 284.94985695   2.50619275  36.11563194  -0.71581857  2.556  0.059  -1.3271  0.3498  -1.5865  0.3127 -0.3686  40.217  3.047
CoRoT211626074       1 285.46904240   3.27712858  37.03843660  -0.82440559  2.351  0.045  -1.5823  0.1953  -2.1368  0.1822 -0.2130  32.565  2.611
J285.7178+04.5198    1 285.71782748   4.51982359  38.25695259  -0.47610838  2.639  0.130  -0.9112  0.2698  -4.0917  0.2373 -0.2624  44.064 10.059
J190559.09+160552.9  1 286.49619196  16.09799916  48.91087169   4.14020250  8.464  0.312  -2.9883  0.0347  -7.2141  0.0347  0.1416  14.452  6.171
EV____Aql            0 286.69230118  14.92949877  47.95489191   3.43934169 11.962  0.488  -2.0862  0.0819  -4.0389  0.0660  0.3244 -78.550  4.708
V496__Aql            0 287.08654408  -7.43776833  28.19857633  -7.12735192  1.282  0.047  -0.6095  0.0804  -5.3798  0.0725  0.1262   2.556  2.257
FM____Aql            1 287.31662685  10.55246599  44.34313825   0.88884477  0.929  0.026   0.2614  0.0916  -5.2401  0.0872  0.1094 -13.281  6.534
OGLE-GD-CEP-1268     0 287.45027073  -5.86539016  29.77762831  -6.74543706 21.991  0.875  -2.2326  0.0446  -8.0280  0.0459  0.2492  54.442  1.090
V916__Aql            1 287.50172459  12.53653631  46.18787531   1.64255237  2.928  0.075  -1.7037  0.0748  -4.9481  0.0625 -0.0002   7.488  0.932
V1344_Aql            1 287.99653972   4.35482999  39.15493448  -2.56965814  1.127  0.041  -3.5314  0.0665  -5.9119  0.0629  0.2367   3.548  1.758
FN____Aql            1 288.19713804   3.55739851  38.53882734  -3.11490367  1.417  0.046  -1.8139  0.1038  -4.5083  0.0983  0.4703   6.596  2.910
V1837_Aql            1 288.46130809   2.85552652  38.03657984  -3.67241986  2.214  0.069  -0.8196  0.0737  -3.9870  0.0810  0.4397  17.574  2.676
V526__Aql            1 288.65872334   6.48252232  41.34820652  -2.17040289  4.851  0.266  -3.9685  0.0751  -7.0727  0.0711  0.3153  28.950  8.594
J288.9704+12.6190    1 288.97041715  12.61899591  46.92517915   0.41042433  4.197  0.100  -2.1381  0.1258  -3.8747  0.1133  0.3711  39.601  7.046
J191719+0757.7       1 289.32878228   7.96221020  42.96843575  -2.07147551  0.946  0.059  -0.6225  0.1032  -4.6304  0.0898 -0.1581   5.477  1.934
V367__Sge            1 289.97146049  17.24046608  51.46411877   1.71385916  1.455  0.044  -1.0955  0.0632  -3.4467  0.0639  0.1823   2.850  4.057
V1803_Aql            1 290.02896819  12.79526561  47.56372024  -0.42002952  1.479  0.044  -1.1195  0.0608  -3.4840  0.0525  0.0673  -6.912  7.039
J290.1907+18.1331    1 290.19073447  18.13305712  52.35097442   1.94763592  4.154  0.089  -2.1106  0.1065  -6.0244  0.1012  0.2365  13.358  3.282
J192052.46+153315.1  1 290.21857373  15.55418971  50.08584278   0.71337063  4.145  0.101  -2.2436  0.1013  -4.8645  0.0875  0.1933  16.350  4.819
J192310+1351.4       1 290.79264406  13.85663848  48.84998744  -0.57608713  1.630  0.038  -1.3794  0.0605  -2.5062  0.0505  0.2260  10.823  1.590
J192832.20+104812.6  1 292.13415045  10.80350067  46.78161866  -3.17722771  5.717  0.186  -2.6070  0.0473  -6.8472  0.0390  0.2187  28.035  6.655
U_____Aql            0 292.33901037  -7.04412431  30.90695367 -11.61821930  0.611  0.024   1.9831  0.1855 -12.8227  0.1585  0.2885  -5.710  5.852
V377__Sge            1 292.35403364  19.15638453  54.22388537   0.62753142  4.193  0.077  -1.7554  0.0714  -4.4028  0.0791  0.2414  26.693  3.077
J292.3844+18.7263    1 292.38445179  18.72631324  53.86013949   0.39625505  5.741  0.141  -3.0910  0.1043  -6.3624  0.1133  0.4805  13.382  2.228
GX____Sge            1 292.79366798  19.25704199  54.51148591   0.31164525  4.008  0.101  -2.6745  0.0674  -5.3452  0.0712  0.3203  15.433  2.855
V364__Sge            1 292.79995172  19.02202579  54.30831450   0.19336571  4.127  0.083  -1.8875  0.0487  -4.3759  0.0564  0.3130   6.799  5.018
J292.9845+18.5534    1 292.98451831  18.55344155  53.98181067  -0.18544567  4.372  0.100  -2.7333  0.0512  -5.7091  0.0578  0.3895  28.767  7.270
J193320.52+201705.8  1 293.33548695  20.28483064  55.65775671   0.36089868  4.715  0.110  -2.7065  0.0697  -6.0310  0.0760  0.2625   9.076  6.641
V471__Vul            1 293.56562378  19.57066121  55.13778649  -0.17434063  4.016  0.092  -3.1048  0.0419  -6.1235  0.0443  0.2336   1.977  3.744
GY____Sge            1 293.80677151  19.20238867  54.92631943  -0.55203476  2.680  0.075  -1.4880  0.0623  -4.3199  0.0738  0.3741  10.738  6.371
V355__Sge            1 293.93647706  18.94515207  54.76121248  -0.78428687  3.462  0.085  -2.3778  0.0711  -6.2960  0.0809  0.3269  11.206  3.613
J193606.44+215011.4  1 294.02679176  21.83646936  57.32748490   0.55042330  5.111  0.103  -3.1440  0.1015  -5.7773  0.1051  0.0938  20.946  2.195
J294.1271+20.0413    1 294.12711411  20.04138746  55.80606283  -0.40687997  4.052  0.077  -2.4600  0.0481  -5.0484  0.0482  0.3521  12.598  3.044
V924__Cyg            0 294.54825141  32.48954986  66.87623027   5.32714400  5.950  0.185  -3.5759  0.0444  -4.3365  0.0494 -0.0008 -15.164  3.771
J193902.85+242306.2  1 294.76191041  24.38499911  59.88120363   1.20781018  4.957  0.109  -3.2183  0.0443  -5.8454  0.0527  0.1321  23.241  4.690
DG____Sge            1 295.14631431  19.28555127  55.61824433  -1.61400633  3.156  0.094  -3.3632  0.0437  -6.4987  0.0486  0.2624  35.108  5.600
V474__Vul            1 295.46291818  22.40358731  58.47524321  -0.32951750  3.561  0.097  -2.4286  0.0821  -5.0108  0.0905  0.1187  -7.584 12.204
V410__Vul            1 295.74771166  23.42623743  59.49320111  -0.04952346  3.775  0.086  -3.0393  0.1338  -5.5924  0.1505 -0.0098   9.758  6.036
J194440.88+245526.9  1 296.17043585  24.92414584  60.98392305   0.36304940  7.717  0.203  -2.7191  0.0567  -5.3430  0.0647  0.1080  16.662  5.921
SU____Cyg            0 296.20305939  29.26467923  64.76021713   2.50577651  0.832  0.025  -1.8532  0.0916  -3.1552  0.0758 -0.0827  -1.502  6.885
EP____Cyg            0 296.26534275  31.33077441  66.58092240   3.48853691  5.843  0.203  -4.2423  0.0424  -7.9287  0.0575 -0.2375  -0.443  6.553
BR____Vul            1 296.64660063  22.88975421  59.44182199  -1.03349549  2.067  0.053  -3.5870  0.0428  -6.2007  0.0491 -0.1184  -2.930  5.055
J194638.36+263626.3  1 296.65985414  26.60727272  62.66129613   0.82554148  6.100  0.199  -2.6130  0.0981  -5.0182  0.1302 -0.1047   3.536  9.485
V415__Vul            1 296.69521525  24.77967257  61.09776125  -0.12137147  3.897  0.085  -3.1137  0.0692  -5.7665  0.0759  0.0515   4.693  2.048
J296.7150+23.2350    1 296.71505415  23.23499730  59.77195246  -0.91431083  5.822  0.210  -1.9589  0.1244  -5.1356  0.1380 -0.0215 -17.990  7.894
J194709.17+230600.7  1 296.78813791  23.10003844  59.68914528  -1.04030043  4.279  0.094  -3.2547  0.0744  -5.8706  0.0800 -0.0029  -2.633  3.556
V1154_Cyg            1 297.06443351  43.12691764  77.21658976   8.76164684  2.044  0.073  -1.6086  0.0386  -3.6008  0.0420  0.0137   3.508  5.170
S_____Vul            1 297.09917689  27.28648185  63.44538865   0.82983357  3.479  0.110  -3.4015  0.0581  -5.9228  0.0590  0.0008  10.462  2.703
J297.2025+28.4100    1 297.20256081  28.41008585  64.46103354   1.31940070  8.399  0.196  -2.4816  0.0522  -4.5072  0.0624 -0.0756 -38.287  8.863
DaubanV18            1 297.25152688  28.25665637  64.35051615   1.20455276  8.365  0.247  -3.2698  0.0609  -4.9309  0.0650 -0.1073 -45.603  7.058
J297.7863+25.3136    1 297.78634155  25.31369320  62.05906610  -0.70299161  2.146  0.042  -3.1236  0.0596  -6.5461  0.0634  0.0563   2.647  1.574
EU____Cyg            1 297.82200760  32.67552978  68.41013763   3.02424668 12.821  0.579  -1.9633  0.0326  -3.6093  0.0417 -0.1543 -73.273 13.435
SV____Vul            1 297.87876446  27.46020707  63.94692226   0.32195169  2.226  0.110  -2.1389  0.0452  -5.8197  0.0497 -0.1152   3.182  4.344
V1162_Aql            0 298.08749648 -11.36692281  29.42398080 -18.60550565  1.221  0.040   7.8263  0.0956 -10.6415  0.0497  0.2043  12.858  3.012
PP____Aql            0 298.19394844  12.66914702  51.32323634  -7.44781543 11.656  1.091  -1.0930  0.0933  -4.6939  0.0601  0.0049  82.557  3.723
J298.2928+29.8739    1 298.29284544  29.87394718  66.20625707   1.24638748  6.840  0.155  -3.0263  0.0584  -5.5583  0.0689  0.0243 -46.748  8.088
J298.5070+26.9338    1 298.50700279  26.93385405  63.78187394  -0.42774014  4.723  0.131  -2.8644  0.1010  -5.8157  0.0906  0.0513  -2.676 11.902
J195413.18+292039.1  1 298.55492459  29.34418422  65.86917124   0.77843914  3.838  0.088  -2.8592  0.0680  -4.5193  0.0737  0.0531   8.016  7.416
EX____Cyg            1 298.59743688  31.22691147  67.50185720   1.71741199  3.975  0.128  -3.5692  0.0427  -5.9915  0.0473 -0.1168  10.973  4.168
J195424.41+301406.3  1 298.60172347  30.23504291  66.65354946   1.20295796  7.079  0.169  -2.9208  0.0674  -5.3877  0.0762 -0.1984 -10.252  7.833
IY____Cyg            1 298.89083459  31.76387056  68.09115138   1.78039970  7.252  0.277  -2.5702  0.0520  -5.1842  0.0685 -0.0878   8.330  9.704
S_____Sge            0 299.00526387  16.63476448  55.16821184  -6.11923472  0.657  0.031   1.7629  0.1219  -5.4280  0.1127  0.1341 -16.459  3.978
X_____Vul            1 299.36918306  26.55644979  63.85807041  -1.28180898  1.053  0.035  -1.4189  0.0610  -4.0433  0.0613  0.0026 -17.715  3.075
V733__Aql            0 299.38759360  11.04365975  50.49442670  -9.27385092  3.741  0.122   0.1124  0.0604  -4.2693  0.0461  0.1392  33.736  3.528
V547__Cyg            0 299.44206366  35.63604844  71.64364098   3.39603784  7.164  0.266  -4.1307  0.0437  -6.0181  0.0497 -0.0450 -133.103  5.212
DG____Vul            1 299.66735404  27.68366585  64.95815262  -0.91943834  2.741  0.089  -2.8699  0.0479  -4.6972  0.0497 -0.0948   4.743  5.954
J299.6711+28.6617    1 299.67117750  28.66171133  65.79328956  -0.41029287  5.477  0.152  -3.1607  0.0861  -5.3055  0.0931 -0.0765  -9.667  7.827
HO____Vul            1 299.72293352  24.39508009  62.17993443  -2.68211417  2.135  0.075  -1.4288  0.0496  -4.0156  0.0579 -0.0169   3.019  5.000
V1020_Cyg            1 299.78757192  32.69541649  69.28192823   1.61771415  3.769  0.086  -3.3904  0.0635  -6.2403  0.0720 -0.1322  12.754  8.814
GH____Cyg            1 299.79497652  29.45072393  66.52199672  -0.08896901  2.231  0.053  -2.5110  0.0441  -4.9136  0.0527 -0.1434   0.935 10.315
GI____Cyg            1 299.89044367  33.74603514  70.22228034   2.09507800  3.364  0.126  -3.3871  0.0440  -6.2449  0.0514 -0.0713  -9.147  3.123
J300.0102+29.1869    1 300.01029444  29.18686825  66.39609789  -0.38732261  2.818  0.077  -2.6935  0.1250  -6.1987  0.1207  0.0229 -14.269  7.294
V1025_Cyg            1 300.19314137  30.90759045  67.94209367   0.38460041  4.798  0.152  -3.5407  0.0450  -6.2442  0.0621 -0.1442 -25.034  7.074
KL____Aql            1 300.29090348  15.80350180  55.08789502  -7.60534418  3.751  0.120  -1.7320  0.0468  -4.9677  0.0410  0.1483   9.057  5.639
J200127.53+324812.0  1 300.36465834  32.80330899  69.62916840   1.26174934  4.244  0.116  -3.7376  0.0570  -5.6849  0.0666 -0.0744   1.665  6.203
J300.3673+31.6179    1 300.36729268  31.61773860  68.62378906   0.63319463  8.391  0.257  -2.4684  0.1044  -4.6783  0.1225 -0.1910 -21.870  3.982
J300.5755+31.8564    1 300.57553116  31.85641515  68.92005231   0.60933096  7.219  0.171  -2.5087  0.1021  -4.9013  0.1005 -0.2390 -54.590  5.261
V572_Aql             1 300.63618642   0.71387643  41.90156008 -15.42747405  6.530  0.205  -2.5942  0.0655  -6.2754  0.0415  0.2273  46.139  3.760
J300.8084+30.7858    1 300.80848360  30.78587766  68.11874623  -0.12794731  7.460  0.303  -2.9325  0.0949  -4.7403  0.1413 -0.1809 -12.995  2.245
V1467_Cyg            1 301.00902339  32.45068498  69.61853211   0.61465374  7.776  0.239  -2.7947  0.0757  -4.4329  0.0765 -0.1668 -46.840  6.744
V1033_Cyg            1 301.33608866  32.65908918  69.94208133   0.49318432  4.009  0.099  -2.9870  0.0503  -5.6424  0.0544 -0.1056 -20.376  7.743
J200636.68+323310.9  1 301.65276144  32.55308577  69.99603624   0.21124739  5.292  0.114  -3.1340  0.1311  -5.7767  0.1181 -0.1640 -29.792 15.766
V1364_Cyg            1 301.87263212  35.34634364  72.44696614   1.56409752  5.460  0.186  -2.8973  0.0401  -5.1931  0.0397 -0.0761   0.957  8.776
V402__Cyg            1 302.28231883  37.15195261  74.14500864   2.26357113  2.093  0.050  -2.5438  0.0439  -3.5936  0.0547 -0.1879 -13.153  5.759
V492__Cyg            1 302.80662707  35.41354230  72.91755383   0.96154255  3.821  0.084  -2.5077  0.0470  -3.9371  0.0556 -0.1584  -5.236  4.119
J201113.71+321605.9  1 302.80705781  32.26819283  70.28616122  -0.76169261  3.665  0.096  -2.9823  0.0882  -5.4168  0.0955  0.0404 -21.774  3.877
J201151.18+342447.2  1 302.96323349  34.41308224  72.15130375   0.30553182  5.243  0.134  -3.2636  0.0989  -5.0363  0.1027 -0.1463 -17.890  7.735
MW____Cyg            0 303.09510609  32.87160046  70.92383359  -0.63339326  1.502  0.047  -3.5142  0.0551  -5.1015  0.0692 -0.1849  -0.764  7.029
J201309.07+323711.2  1 303.28775728  32.61974330  70.80287384  -0.90736167  6.090  0.151  -3.2722  0.0524  -6.0769  0.0496 -0.1451 -45.867  5.478
V2475_Cyg            1 303.48420443  35.32817142  73.15044652   0.45328507  3.349  0.095  -2.3859  0.0747  -4.0283  0.0813 -0.2086  -9.178  4.677
J201358.37+344845.5  0 303.49317346  34.81265085  72.72510692   0.16189673  8.039  0.216  -2.6791  0.0916  -3.9400  0.0869 -0.0977 -116.759  6.866
V495__Cyg            1 303.99301368  35.01469815  73.12079687  -0.06668796  2.181  0.055  -3.0431  0.0416  -5.8888  0.0546 -0.0930 -10.373  5.754
V1046_Cyg            1 304.19788227  36.54994277  74.48721984   0.65272527  3.007  0.066  -3.0395  0.0445  -4.1476  0.0473 -0.0130   9.627  5.736
J201648.63+382036.2  1 304.20260666  38.34326732  75.97655769   1.65215177  8.614  0.223  -2.5359  0.0793  -4.3579  0.0810 -0.1537 -86.563  9.789
V438__Cyg            1 304.72629883  40.06447520  77.63017896   2.28142602  1.825  0.066  -3.2778  0.0668  -4.2685  0.0716 -0.0635 -15.047  6.415
J304.7290+37.9480    1 304.72902424  37.94799920  75.88169863   1.08767371  9.681  0.407  -2.3874  0.1066  -3.6765  0.1076 -0.0809 -80.646  8.645
J304.8116+36.6097    1 304.81163081  36.60971335  74.81357470   0.27858701  3.139  0.074  -3.4308  0.0584  -5.7893  0.0656 -0.1414   0.648  1.814
J202341.18+382700.1  1 305.92156977  38.44999995  76.82769985   0.60231792  2.194  0.042  -0.7311  0.0458  -3.3775  0.0488 -0.0325  -0.417  3.523
KX____Cyg            1 306.08058614  40.56106449  78.62659312   1.71454491  2.274  0.065  -3.9986  0.0634  -5.2213  0.0788  0.0486  14.971 10.184
SZ____Cyg            1 308.22621087  46.60124953  84.44578342   3.97643732  2.287  0.088  -2.2547  0.0458  -5.4203  0.0517 -0.2076  15.651  6.226
V514__Cyg            1 311.55229586  45.47860625  84.95995995   1.46133019  1.808  0.048   0.5312  0.0429  -2.1507  0.0503 -0.0007 -16.874  4.210
J311.5581+43.2128    1 311.55810295  43.21286223  83.19333510   0.04240564  2.127  0.070  -2.5388  0.0649  -4.5504  0.0689  0.0268 -24.136  3.774
DR____Cep            0 312.27326498  58.89920680  95.79055046   9.47785968 13.621  0.688  -1.4703  0.0500  -1.3455  0.0450 -0.0005 -56.010  3.987
J205012.03+454156.1  1 312.55009209  45.69888250  85.57072488   1.05731301  6.347  0.151  -2.8213  0.0917  -3.9980  0.0872 -0.1491 -89.106  9.195
V1662_Cyg            1 312.75343188  43.13987701  83.68631895  -0.68018889  2.950  0.106  -2.7192  0.0664  -3.1494  0.0648 -0.0750 -19.528  4.978
V1533_Cyg            1 312.86614272  46.30351449  86.17719946   1.27206351  3.906  0.104  -3.6006  0.0475  -5.1675  0.0486  0.0501 -51.507 10.668
T_____Vul            1 312.86767646  28.25048271  72.13236299 -10.15181643  0.578  0.018   3.4959  0.1389  -5.0865  0.1409 -0.0571 -12.112  2.407
J313.3564+46.7215    1 313.35648961  46.72153247  86.71450341   1.27979626  8.991  0.201  -2.4541  0.1222  -2.4636  0.1017 -0.2882 -93.556  2.280
EK____Del            0 313.52026379   8.55153454  56.00102686 -22.39583862  7.339  0.349  -6.0321  0.0628  -5.1947  0.0591 -0.0769 -165.238 13.613
J205425.66+454331.0  1 313.60707432  45.72523998  86.06273887   0.50651486  4.113  0.127  -2.8694  0.0820  -3.7438  0.0727 -0.0959 -40.197  5.011
J314.4569+46.8984    1 314.45694839  46.89842511  87.33669711   0.81983853  3.488  0.075  -3.7103  0.0419  -4.9939  0.0444  0.0411 -34.028  3.092
J205916.93+443346.1  1 314.82052337  44.56273541  85.73541368  -0.89943522  5.654  0.265  -3.1165  0.0492  -3.7313  0.0494 -0.2052 -86.142  3.595
J314.9567+46.5590    1 314.95673694  46.55906266  87.30434815   0.33871400  3.681  0.097  -3.7999  0.0828  -5.0887  0.0857  0.0106 -55.708  3.171
VY____Cyg            1 316.06930269  39.97223374  82.89494933  -4.62481352  1.968  0.058  -2.8878  0.0446  -4.0474  0.0439 -0.1029  -7.009  5.841
J316.0894+45.2393    1 316.08941377  45.23937033  86.83755787  -1.12584660  8.071  0.425  -2.2157  0.0280  -2.7642  0.0307 -0.0586 -77.784  8.306
J210602.79+490633.2  1 316.51158918  49.10913479  89.90400065   1.25230086  5.495  0.158  -2.9032  0.0854  -3.4456  0.0889 -0.1856 -77.276  9.365
DT____Cyg            1 316.62603610  31.18463525  76.54873890 -10.78241901  0.538  0.018   3.6401  0.0724  -5.0772  0.0902 -0.6389  -2.139  0.966
V356__Cyg            1 316.94414907  46.73697818  88.34611332  -0.55998320  4.984  0.168  -2.8804  0.0490  -3.5378  0.0446 -0.1523 -68.837  5.108
J317.1508+49.2492    1 317.15086169  49.24926580  90.28941349   1.03833052  8.378  0.233  -2.3523  0.1027  -2.8109  0.0995 -0.0729 -108.866 13.649
J318.1744+52.5020    1 318.17439994  52.50198094  93.10996592   2.78493241  2.597  0.073  -3.0986  0.1201  -3.5570  0.0971 -0.0830 -34.809  4.704
Be55-107             1 319.24954521  51.76628841  93.03542998   1.79945058  2.641  0.089  -3.8750  0.0813  -4.5463  0.0652 -0.0382 -30.665  2.568
J319.3998+49.7171    1 319.39987322  49.71714320  91.63462109   0.30060236  5.411  0.137  -3.0312  0.1301  -3.2230  0.1129 -0.0674 -98.231  4.488
V1334_Cyg            0 319.84242569  38.23746457  83.62164835  -7.95007010  0.679  0.026   3.7401  0.1008   0.3263  0.1145 -0.1741  -4.341  2.177
J212535.46+523911.8  1 321.39774578  52.65316034  94.59406357   1.49665393  3.844  0.094  -3.4761  0.0570  -4.1650  0.0479 -0.1076 -77.291  4.308
V2340_Cyg            1 322.18718051  48.97821150  92.40920286  -1.50018241  3.102  0.120  -3.6240  0.0511  -3.8809  0.0476  0.0804 -53.889  3.007
J322.3462+49.1100    0 322.34628204  49.11002457  92.57562505  -1.47624753  4.444  0.138  -4.2431  0.3771  -1.5971  0.3504 -0.1387 -65.636  3.967
J322.4078+55.7970    1 322.40788267  55.79699622  97.19789587   3.35801048  7.390  0.227  -2.3815  0.0899  -2.1249  0.0836 -0.2533 -57.821  5.891
V1726_Cyg            1 322.41223453  48.96907209  92.51022170  -1.60839256  2.073  0.063  -3.6560  0.0603  -2.8721  0.0574 -0.1780  -9.928  0.441
V621__Cyg            1 323.16842041  49.21249652  93.03846149  -1.76863458  4.954  0.158  -3.0617  0.0652  -3.7947  0.0801  0.0742 -54.679  9.410
J323.3006+52.8836    1 323.30064115  52.88366444  95.58923734   0.87323274  3.077  0.068  -3.6672  0.0527  -3.9716  0.0488 -0.2233 -54.497  3.205
V733__Cyg            1 323.51446688  53.31008167  95.97227951   1.10047436  3.668  0.083  -2.7402  0.0521  -3.2054  0.0491 -0.3017 -59.676  6.584
V739__Cep            1 323.72761604  55.94225618  97.84017243   2.96037044  6.837  0.184  -2.3985  0.0405  -2.5880  0.0390 -0.1226 -95.231  4.399
J213533.70+533049.3  1 323.89041782  53.51367129  96.27509579   1.10008050  4.313  0.085  -2.8794  0.0566  -3.0370  0.0498 -0.3838 -77.430  2.242
J324.2208+52.2014    1 324.22090144  52.20146796  95.54442635  -0.00801353  6.446  0.156  -2.6090  0.1005  -2.2999  0.0805  0.0914 -65.910  4.010
V538__Cyg            1 324.36718090  51.76247271  95.31861579  -0.39511055  2.434  0.083  -2.9319  0.0916  -2.7298  0.0938  0.4691  -4.728  4.266
J213808.16+530545.8  1 324.53397678  53.09604825  96.28219210   0.53241655  6.065  0.134  -2.8649  0.0806  -3.0244  0.0754 -0.4716 -84.336  4.550
J326.3266+54.4963    1 326.32669335  54.49638439  97.99978168   0.89587667  3.713  0.077  -3.6482  0.0548  -3.8100  0.0514 -0.2678 -38.436  0.623
V2650_Cyg            1 326.98258599  54.34942880  98.19780923   0.53810311  4.093  0.109  -2.6383  0.0627  -2.6654  0.0510 -0.1193 -60.274  9.191
V859__Cep            1 326.99882356  57.20677397 100.03177698   2.72995461  5.242  0.106  -2.8619  0.0830  -2.4661  0.0780 -0.1204 -74.596  2.579
V860__Cep            1 327.08609634  55.65016563  99.07407417   1.50135866  3.736  0.084  -3.2233  0.0739  -2.6443  0.0744 -0.2661 -65.406  5.167
J327.1206+53.0284    1 327.12065677  53.02846655  97.41779293  -0.53110988  4.738  0.186  -3.3764  0.0454  -3.0977  0.0419 -0.1147 -76.177  4.099
VZ____Cyg            0 327.92264974  43.13402365  91.52010256  -8.51072088  1.813  0.056  -3.9385  0.0434  -3.4115  0.0439 -0.0102 -23.452  6.176
J215613.64+525909.7  1 329.05684895  52.98601297  98.29898245  -1.29448243  4.171  0.119  -3.2388  0.0474  -2.6508  0.0410 -0.2268 -60.496  3.985
IR____Cep            1 329.46630849  61.01884790 103.41462242   4.90691672  0.746  0.027  -5.3960  0.0575  -3.3256  0.0565 -0.0647  -7.064  3.876
CP____Cep            1 329.46951659  56.16388609 100.43838926   1.06763442  3.679  0.100  -3.9335  0.0497  -3.1513  0.0514 -0.0169 -30.023 10.958
BG____Lac            1 330.10475704  43.44535264  92.97294577  -9.25854227  1.733  0.052  -3.6382  0.0498  -3.8768  0.0633 -0.2711 -25.497  4.156
J330.6217+57.1439    1 330.62174626  57.14397941 101.53589022   1.46480420  6.510  0.145  -2.4302  0.0461  -1.8232  0.0451 -0.0928 -98.276  5.705
IY____Cep            1 331.89770996  55.36273938 101.05509267  -0.39094274  5.175  0.186  -2.9457  0.0553  -2.4077  0.0569 -0.3136 -84.405  7.331
Y_____Lac            1 332.26206231  51.04584529  98.71874920  -4.02886977  2.126  0.075  -3.0222  0.0546  -2.5880  0.0521 -0.0771 -17.411  8.225
KO____Cep            1 332.74301060  56.29157356 101.97967619   0.09205044  4.445  0.102  -2.7021  0.0780  -2.4540  0.0794 -0.3360 -76.462  6.137
J221347.38+552438.6  1 333.44753388  55.41077603 101.80339264  -0.85721801  6.559  0.225  -2.0146  0.0626  -2.2066  0.0523 -0.3574 -75.085  1.480
J221936.83+574243.6  1 334.90344286  57.71209361 103.75017289   0.60881795  4.093  0.089  -3.5170  0.0437  -2.4922  0.0399  0.0204 -88.625 13.810
J222004.81+560339.3  1 335.02002065  56.06089955 102.90077782  -0.80859609  4.649  0.148  -3.0811  0.0553  -2.5977  0.0559 -0.1790 -73.552  5.039
J335.2857+58.9209    1 335.28573502  58.92092147 104.57763678   1.51276508  3.658  0.069  -3.2373  0.0510  -2.7842  0.0493 -0.0797 -78.587  2.437
DF____Lac            1 335.31994999  54.53204445 102.21158246  -2.18405978  4.470  0.147  -3.0130  0.0526  -2.6963  0.0470 -0.1106 -73.656  4.089
MU____Cep            0 335.91091891  57.68078305 104.18596857   0.29110112  3.355  0.075  -2.8155  0.0490  -1.4705  0.0445 -0.0867 -69.116  5.477
V411__Lac            1 337.24299055  50.96312503 101.29743186  -5.82523265  1.169  0.035  -2.4867  0.0575  -2.4158  0.0522 -0.1093 -27.019  1.540
del___Cep            1 337.29288062  58.41520795 105.19436842   0.53057587  0.266  0.012  17.6471  0.8116   4.1125  0.7282 -0.0269 -12.326  3.709
V901__Cep            1 340.04315782  60.56380185 107.47827950   1.69227105  2.826  0.064  -3.3566  0.0752  -2.7710  0.0610  0.0275 -62.566  5.764
Z_____Lac            0 340.21724254  56.82945616 105.76013104  -1.62469801  1.885  0.071  -3.9180  0.0600  -2.6956  0.0693 -0.2318 -37.705  4.328
V911__Cep            1 342.09617633  60.40476376 108.29722402   1.07749297  2.723  0.060  -3.3835  0.0478  -2.7811  0.0389 -0.0742 -55.968  4.948
V_____Lac            1 342.15828949  56.32153350 106.46820975  -2.57356665  1.722  0.053  -3.3444  0.0597  -1.2667  0.0549 -0.1702 -40.062  3.057
X_____Lac            1 342.26322756  56.42819689 106.56852030  -2.50492696  1.831  0.059  -3.2543  0.0613  -1.4237  0.0604 -0.1796 -23.301  2.878
V529__Cep            1 343.69708110  57.79064164 107.87159317  -1.62941826  3.707  0.126  -2.9206  0.0451  -1.7093  0.0483 -0.1912 -76.679  4.537
V342__Cas            1 345.33800685  57.86701668 108.69606973  -1.92952196  3.598  0.125  -3.9111  0.0450  -2.3698  0.0389  0.1071 -71.828  5.981
SW____Cas            1 346.79198263  58.55419187 109.67386941  -1.60760754  2.005  0.066  -3.3917  0.0506  -2.4654  0.0440  0.0790 -26.500  5.480
CH____Cas            1 350.61846426  62.75714291 112.95017512   1.62229574  2.846  0.073  -3.2675  0.0471  -1.7056  0.0431 -0.0311 -45.721  5.794
CN____Cep            1 351.39493566  64.79041305 113.94911647   3.42670641  3.272  0.121  -2.9623  0.0518  -0.9403  0.0478 -0.0955 -55.540  7.417
PW____Cas            1 351.49362322  61.26683349 112.84505302   0.08004529  5.186  0.148  -2.5584  0.0444  -0.8649  0.0379 -0.0138 -79.148  5.470
V1020_Cas            1 353.16241215  63.06920942 114.14796386   1.54900111  3.142  0.085  -2.2144  0.0399  -1.3007  0.0388 -0.1043 -67.419  4.692
V846__Cas            1 353.33454286  61.11907063 113.64220818  -0.33614793  3.990  0.138  -2.5550  0.0398  -1.0620  0.0370 -0.1451 -88.032  4.919
DT____Cas            1 353.74839191  59.35815225 113.31985953  -2.07946279  3.428  0.111  -1.7107  0.0450  -1.3200  0.0400 -0.1441 -91.561  3.930
RS____Cas            1 354.31690557  62.42898861 114.46701781   0.78249227  1.419  0.038  -1.4483  0.0560  -0.7686  0.0546 -0.1726 -28.277  8.936
DW____Cas            1 354.70162306  59.39182100 113.79528090  -2.18537257  2.450  0.096  -2.6876  0.0408  -1.6381  0.0404 -0.0978 -39.679  5.368
CZ____Cas            1 354.86370916  62.37213804 114.69443955   0.65721762  3.282  0.084  -1.6348  0.0662  -0.5876  0.0597 -0.2038 -70.632  6.210
CD____Cas            1 356.26092605  63.00384618 115.47992343   1.09670719  2.362  0.068  -2.2974  0.0499  -1.4631  0.0427 -0.1309 -53.641  8.678
V407__Cas            1 358.60237730  62.14946585 116.32536829   0.01144408  3.913  0.107  -2.4629  0.0405  -0.9863  0.0382 -0.1558 -83.535  3.839
V1206_Cas            1 359.11116338  58.02685973 115.68401388  -4.06891458  4.154  0.133  -2.1354  0.0460  -0.5008  0.0375 -0.2699 -39.734  4.445
DD____Cas            1 359.39565024  62.71824086 116.80529857   0.48886276  3.076  0.079  -1.7130  0.0503  -1.0839  0.0384 -0.1353 -76.870  2.939
CE__Cas_A            1 359.53933042  61.21369648 116.56122022  -0.99728703  2.501  0.109  -3.2615  0.0460  -1.5914  0.0550 -0.2853 -79.551 17.822
CF____Cas            1 359.57487139  61.22105403 116.57947967  -0.99359024  3.021  0.108  -3.0738  0.0443  -1.7538  0.0423 -0.1722 -82.324  5.690
